{
    "epoca": 13,
    "accuracy": 0.5333333333333333,
    "precision": 0.5293181818181818,
    "recall": 0.5333333333333333,
    "f1": 0.5294791230275101
}