{
    "epoca": 32,
    "accuracy": 0.5333333333333333,
    "precision": 0.5281346254977087,
    "recall": 0.5333333333333333,
    "f1": 0.5294751709782931
}