{
    "epoca": 26,
    "accuracy": 0.6424870466321243,
    "precision": 0.6431323834798266,
    "recall": 0.6422275641025641,
    "f1": 0.642487197556965
}