{
    "epoca": 8,
    "accuracy": 0.5222222222222223,
    "precision": 0.5286303341502315,
    "recall": 0.5222222222222221,
    "f1": 0.49123675578097953
}