{
    "epoca": 20,
    "accuracy": 0.5647668393782384,
    "precision": 0.5605640893163497,
    "recall": 0.5655448717948718,
    "f1": 0.5573815549335744
}