{
    "epoca": 14,
    "accuracy": 0.538860103626943,
    "precision": 0.5431216931216931,
    "recall": 0.5391025641025641,
    "f1": 0.5405231904991173
}