{
    "epoca": 35,
    "accuracy": 0.65625,
    "precision": 0.6556700319665157,
    "recall": 0.6564267908017908,
    "f1": 0.6553349875930521
}