{
    "epoca": 16,
    "accuracy": 0.5497382198952879,
    "precision": 0.5550927594661825,
    "recall": 0.55002035002035,
    "f1": 0.539818376068376
}