{
    "epoca": 34,
    "accuracy": 0.5666666666666667,
    "precision": 0.576845298281092,
    "recall": 0.5666666666666668,
    "f1": 0.5594516718838248
}