{
    "epoca": 49,
    "accuracy": 0.5888888888888889,
    "precision": 0.6043290043290044,
    "recall": 0.5888888888888889,
    "f1": 0.5870658077554629
}