{
    "epoca": 35,
    "accuracy": 0.6476683937823834,
    "precision": 0.6560811310977867,
    "recall": 0.6481570512820513,
    "f1": 0.6480881264785884
}