{
    "epoca": 24,
    "accuracy": 0.5989583333333334,
    "precision": 0.5908919705529875,
    "recall": 0.5991198616198616,
    "f1": 0.5912170655994253
}