{
    "epoca": 2,
    "accuracy": 0.449438202247191,
    "precision": 0.3087431693989071,
    "recall": 0.4444444444444445,
    "f1": 0.35139573070607555
}