{
    "epoca": 7,
    "accuracy": 0.5440414507772021,
    "precision": 0.5415417493043063,
    "recall": 0.544551282051282,
    "f1": 0.5406794722380811
}