{
    "epoca": 26,
    "accuracy": 0.5280898876404494,
    "precision": 0.5252525252525252,
    "recall": 0.5279693486590039,
    "f1": 0.5253116312438346
}