{
    "epoca": 61,
    "accuracy": 0.5842696629213483,
    "precision": 0.5796296296296296,
    "recall": 0.5831417624521072,
    "f1": 0.5778841041998937
}