{
    "epoca": 21,
    "accuracy": 0.4888888888888889,
    "precision": 0.45702671312427406,
    "recall": 0.48888888888888893,
    "f1": 0.46470302545496106
}