{
    "epoca": 24,
    "accuracy": 0.7111111111111111,
    "precision": 0.7233877233877233,
    "recall": 0.7111111111111111,
    "f1": 0.7033984533984534
}