{
    "epoca": 7,
    "accuracy": 0.5333333333333333,
    "precision": 0.5233062330623306,
    "recall": 0.5333333333333333,
    "f1": 0.4591217895608948
}