{
    "epoca": 11,
    "accuracy": 0.5544041450777202,
    "precision": 0.5637287076105642,
    "recall": 0.5552083333333333,
    "f1": 0.5561402544324746
}