{
    "epoca": 29,
    "accuracy": 0.5111111111111111,
    "precision": 0.5019451812555261,
    "recall": 0.5111111111111111,
    "f1": 0.5045290867324765
}