{
    "epoca": 42,
    "accuracy": 0.6476683937823834,
    "precision": 0.6528330928330929,
    "recall": 0.6483173076923077,
    "f1": 0.6479987663412577
}