{
    "epoca": 24,
    "accuracy": 0.6387434554973822,
    "precision": 0.6327950310559006,
    "recall": 0.6376882376882377,
    "f1": 0.6292980156814053
}