{
    "epoca": 26,
    "accuracy": 0.6404494382022472,
    "precision": 0.6595238095238095,
    "recall": 0.6409961685823755,
    "f1": 0.6395203695513293
}