{
    "epoca": 17,
    "accuracy": 0.5906735751295337,
    "precision": 0.5883477633477634,
    "recall": 0.5909455128205128,
    "f1": 0.586454486841334
}