{
    "epoca": 17,
    "accuracy": 0.6062176165803109,
    "precision": 0.6080391330912182,
    "recall": 0.6064102564102564,
    "f1": 0.605943277666071
}