{
    "epoca": 14,
    "accuracy": 0.5544041450777202,
    "precision": 0.5534365210982126,
    "recall": 0.5550480769230769,
    "f1": 0.5521628498727735
}