{
    "epoca": 9,
    "accuracy": 0.538860103626943,
    "precision": 0.5276371308016877,
    "recall": 0.5395032051282052,
    "f1": 0.5295220276244944
}