{
    "epoca": 10,
    "accuracy": 0.5056179775280899,
    "precision": 0.5918367346938775,
    "recall": 0.5015325670498084,
    "f1": 0.45532199247761423
}