{
    "epoca": 18,
    "accuracy": 0.5777777777777777,
    "precision": 0.5779185867895545,
    "recall": 0.5777777777777778,
    "f1": 0.5740880855634954
}