{
    "epoca": 11,
    "accuracy": 0.5052083333333334,
    "precision": 0.4982767071692078,
    "recall": 0.5045431420431421,
    "f1": 0.50001978121971
}