{
    "epoca": 24,
    "accuracy": 0.5416666666666666,
    "precision": 0.5385569829231801,
    "recall": 0.5416603072853072,
    "f1": 0.538553145087236
}