{
    "epoca": 32,
    "accuracy": 0.6373056994818653,
    "precision": 0.6482453290525605,
    "recall": 0.6371794871794871,
    "f1": 0.6407841250978507
}