{
    "epoca": 16,
    "accuracy": 0.6111111111111112,
    "precision": 0.6074396867500316,
    "recall": 0.611111111111111,
    "f1": 0.6067268889302787
}