{
    "epoca": 17,
    "accuracy": 0.4888888888888889,
    "precision": 0.4920634920634921,
    "recall": 0.48888888888888893,
    "f1": 0.48148148148148145
}