{
    "epoca": 2,
    "accuracy": 0.5077720207253886,
    "precision": 0.49613095238095234,
    "recall": 0.5079326923076923,
    "f1": 0.48297376653675866
}