{
    "epoca": 19,
    "accuracy": 0.5666666666666667,
    "precision": 0.556584440227704,
    "recall": 0.5666666666666668,
    "f1": 0.5593889716840537
}