{
    "epoca": 12,
    "accuracy": 0.4943820224719101,
    "precision": 0.4897486772486772,
    "recall": 0.4965517241379311,
    "f1": 0.4863847937851733
}