{
    "epoca": 12,
    "accuracy": 0.5699481865284974,
    "precision": 0.5760073260073261,
    "recall": 0.5701121794871794,
    "f1": 0.5589531345100426
}