{
    "epoca": 3,
    "accuracy": 0.5129533678756477,
    "precision": 0.5170363227258116,
    "recall": 0.5133814102564103,
    "f1": 0.5150175438596492
}