{
    "epoca": 4,
    "accuracy": 0.5916230366492147,
    "precision": 0.6022887678967533,
    "recall": 0.5918599918599918,
    "f1": 0.5951429185471739
}