{
    "epoca": 11,
    "accuracy": 0.47191011235955055,
    "precision": 0.48830973830973834,
    "recall": 0.4727969348659004,
    "f1": 0.47694837458769906
}