{
    "epoca": 19,
    "accuracy": 0.6111111111111112,
    "precision": 0.62734861462327,
    "recall": 0.6111111111111112,
    "f1": 0.6090442023208432
}