{
    "epoca": 16,
    "accuracy": 0.5544041450777202,
    "precision": 0.5697347483279693,
    "recall": 0.5541666666666667,
    "f1": 0.5569240569240569
}