{
    "epoca": 17,
    "accuracy": 0.4444444444444444,
    "precision": 0.44335317460317464,
    "recall": 0.4444444444444444,
    "f1": 0.4436163638610802
}