{
    "epoca": 5,
    "accuracy": 0.5364583333333334,
    "precision": 0.5750522143970996,
    "recall": 0.5366274928774929,
    "f1": 0.5452061961290969
}