{
    "epoca": 57,
    "accuracy": 0.6770833333333334,
    "precision": 0.6822362219207688,
    "recall": 0.6771825396825397,
    "f1": 0.6793631840796021
}