{
    "epoca": 6,
    "accuracy": 0.5440414507772021,
    "precision": 0.5642479755741404,
    "recall": 0.5440705128205128,
    "f1": 0.549123951431089
}