{
    "epoca": 18,
    "accuracy": 0.5699481865284974,
    "precision": 0.593977004083387,
    "recall": 0.5704326923076923,
    "f1": 0.5744274809160306
}