{
    "epoca": 16,
    "accuracy": 0.5777777777777777,
    "precision": 0.5761778451433623,
    "recall": 0.5777777777777777,
    "f1": 0.575017073322158
}