{
    "epoca": 34,
    "accuracy": 0.689119170984456,
    "precision": 0.6857498223169864,
    "recall": 0.6899839743589743,
    "f1": 0.686245449303856
}