{
    "epoca": 12,
    "accuracy": 0.5647668393782384,
    "precision": 0.5548245614035088,
    "recall": 0.5659455128205129,
    "f1": 0.5556080466653358
}