{
    "epoca": 31,
    "accuracy": 0.5968586387434555,
    "precision": 0.6021986853813255,
    "recall": 0.5987789987789988,
    "f1": 0.594961582359655
}