{
    "epoca": 22,
    "accuracy": 0.5666666666666667,
    "precision": 0.5613112491373361,
    "recall": 0.5666666666666668,
    "f1": 0.5530366558668446
}