{
    "epoca": 23,
    "accuracy": 0.5647668393782384,
    "precision": 0.6092657342657343,
    "recall": 0.5645833333333333,
    "f1": 0.5714452745916495
}