{
    "epoca": 16,
    "accuracy": 0.6839378238341969,
    "precision": 0.7117695946809871,
    "recall": 0.6838141025641026,
    "f1": 0.6902523402523402
}