{
    "epoca": 18,
    "accuracy": 0.5803108808290155,
    "precision": 0.5834841628959276,
    "recall": 0.580849358974359,
    "f1": 0.5817505075569592
}