{
    "epoca": 13,
    "accuracy": 0.5168539325842697,
    "precision": 0.5136712749615976,
    "recall": 0.5168582375478927,
    "f1": 0.5149425287356322
}