{
    "epoca": 19,
    "accuracy": 0.6217616580310881,
    "precision": 0.6474243785564541,
    "recall": 0.6217147435897435,
    "f1": 0.6284594351708446
}