{
    "epoca": 12,
    "accuracy": 0.5333333333333333,
    "precision": 0.5206290849673203,
    "recall": 0.5333333333333333,
    "f1": 0.5243304460374353
}