{
    "epoca": 31,
    "accuracy": 0.6269430051813472,
    "precision": 0.6346210617397058,
    "recall": 0.6270833333333333,
    "f1": 0.6294841388887317
}