{
    "epoca": 33,
    "accuracy": 0.5111111111111111,
    "precision": 0.5304797979797979,
    "recall": 0.5111111111111111,
    "f1": 0.51840680227777
}