{
    "epoca": 14,
    "accuracy": 0.6197916666666666,
    "precision": 0.6184282153032153,
    "recall": 0.6205318986568987,
    "f1": 0.619412716942359
}