{
    "epoca": 10,
    "accuracy": 0.6010362694300518,
    "precision": 0.5939971277760726,
    "recall": 0.6017628205128206,
    "f1": 0.5968401836796146
}