{
    "epoca": 20,
    "accuracy": 0.5181347150259067,
    "precision": 0.5429732868757259,
    "recall": 0.5181089743589743,
    "f1": 0.5247058508752567
}