{
    "epoca": 37,
    "accuracy": 0.6062176165803109,
    "precision": 0.6107532953140978,
    "recall": 0.6067307692307692,
    "f1": 0.608547803617571
}