{
    "epoca": 30,
    "accuracy": 0.6666666666666666,
    "precision": 0.6739911234254343,
    "recall": 0.6667658730158731,
    "f1": 0.6696710942441492
}