{
    "epoca": 14,
    "accuracy": 0.4666666666666667,
    "precision": 0.4908812260536399,
    "recall": 0.4666666666666666,
    "f1": 0.475808936825886
}