{
    "epoca": 15,
    "accuracy": 0.6292134831460674,
    "precision": 0.6274761236893074,
    "recall": 0.6306513409961685,
    "f1": 0.6238465305701618
}