{
    "epoca": 27,
    "accuracy": 0.46227709190672156,
    "precision": 0.5035684265509482,
    "recall": 0.4314085468088466,
    "f1": 0.44387570574677493
}