{
    "epoca": 24,
    "accuracy": 0.32160194174757284,
    "precision": 0.2686263688299614,
    "recall": 0.2729431789378921,
    "f1": 0.26726646525091097
}