{
    "epoca": 34,
    "accuracy": 0.38617401668653156,
    "precision": 0.3662628822022084,
    "recall": 0.32863836317869655,
    "f1": 0.32471802406257005
}