{
    "epoca": 27,
    "accuracy": 0.345873786407767,
    "precision": 0.32754770828781965,
    "recall": 0.2970158409464894,
    "f1": 0.2933575938165117
}