{
    "epoca": 29,
    "accuracy": 0.46062992125984253,
    "precision": 0.5405639894596111,
    "recall": 0.4678639996161416,
    "f1": 0.48804364154231
}