{
    "epoca": 37,
    "accuracy": 0.403530895334174,
    "precision": 0.46663938950482564,
    "recall": 0.455079830898827,
    "f1": 0.44570454537545307
}