{
    "epoca": 69,
    "accuracy": 0.4251012145748988,
    "precision": 0.35359757074962356,
    "recall": 0.34614527359765457,
    "f1": 0.32483195189702085
}