{
    "epoca": 49,
    "accuracy": 0.4092178770949721,
    "precision": 0.4375912680910995,
    "recall": 0.4075424697131901,
    "f1": 0.41454388694305244
}