{
    "epoca": 18,
    "accuracy": 0.3583815028901734,
    "precision": 0.38747497331136216,
    "recall": 0.34008723520481915,
    "f1": 0.33473628736600125
}