{
    "epoca": 43,
    "accuracy": 0.4435695538057743,
    "precision": 0.46611558488635974,
    "recall": 0.46873033005346343,
    "f1": 0.4662588553158747
}