{
    "epoca": 55,
    "accuracy": 0.39092055485498106,
    "precision": 0.52261952777443,
    "recall": 0.45214093492331797,
    "f1": 0.4310599098111768
}