{
    "epoca": 29,
    "accuracy": 0.3492252681764005,
    "precision": 0.3811133417852911,
    "recall": 0.3107266094843734,
    "f1": 0.3109963911108637
}