{
    "epoca": 13,
    "accuracy": 0.46062992125984253,
    "precision": 0.43035133141804255,
    "recall": 0.3836500135704542,
    "f1": 0.39162226244484744
}