{
    "epoca": 20,
    "accuracy": 0.3994413407821229,
    "precision": 0.4221536981376154,
    "recall": 0.3882733148947801,
    "f1": 0.39275305213381795
}