{
    "epoca": 34,
    "accuracy": 0.3723554301833568,
    "precision": 0.34790507811754956,
    "recall": 0.3355937950551755,
    "f1": 0.3272531246650623
}