{
    "epoca": 65,
    "accuracy": 0.2961165048543689,
    "precision": 0.32090667977652804,
    "recall": 0.25854255833318185,
    "f1": 0.2695273532775458
}