{
    "epoca": 27,
    "accuracy": 0.3455571227080395,
    "precision": 0.33518930818816306,
    "recall": 0.31663901150056506,
    "f1": 0.3178893566779697
}