{
    "epoca": 74,
    "accuracy": 0.48988439306358383,
    "precision": 0.5057805479218302,
    "recall": 0.49524255613937995,
    "f1": 0.4917990722665554
}