{
    "epoca": 41,
    "accuracy": 0.3598937583001328,
    "precision": 0.3990475824474514,
    "recall": 0.39504747355188735,
    "f1": 0.39413631028094454
}