{
    "epoca": 25,
    "accuracy": 0.40215924426450744,
    "precision": 0.4359924686727532,
    "recall": 0.3315722645960741,
    "f1": 0.3419064965026231
}