{
    "epoca": 14,
    "accuracy": 0.3468286099865047,
    "precision": 0.3678218647377477,
    "recall": 0.30028178611511946,
    "f1": 0.3109765609982227
}