{
    "epoca": 50,
    "accuracy": 0.3280212483399734,
    "precision": 0.40841554141431474,
    "recall": 0.32398159732311554,
    "f1": 0.34246684751042616
}