{
    "epoca": 71,
    "accuracy": 0.40620592383638926,
    "precision": 0.5302728968109044,
    "recall": 0.37139632755983687,
    "f1": 0.3820014284067654
}