{
    "epoca": 47,
    "accuracy": 0.3991769547325103,
    "precision": 0.47559932175508984,
    "recall": 0.4189209399629189,
    "f1": 0.4203045211599593
}