{
    "epoca": 11,
    "accuracy": 0.5280898876404494,
    "precision": 0.5279356658667004,
    "recall": 0.5268199233716474,
    "f1": 0.5194530418406615
}