{
    "epoca": 13,
    "accuracy": 0.6111111111111112,
    "precision": 0.6278195488721804,
    "recall": 0.6111111111111112,
    "f1": 0.613702952445346
}