{
    "epoca": 24,
    "accuracy": 0.7046632124352331,
    "precision": 0.7231658730412366,
    "recall": 0.7051282051282052,
    "f1": 0.7067153746836553
}