{
    "epoca": 13,
    "accuracy": 0.6580310880829016,
    "precision": 0.6609653746454198,
    "recall": 0.6578525641025641,
    "f1": 0.6578819829382395
}