{
    "epoca": 13,
    "accuracy": 0.4888888888888889,
    "precision": 0.49743589743589745,
    "recall": 0.48888888888888893,
    "f1": 0.48730158730158735
}