{
    "epoca": 1,
    "accuracy": 0.38860103626943004,
    "precision": 0.43244754041967665,
    "recall": 0.38998397435897436,
    "f1": 0.3212134899126769
}