{
    "epoca": 16,
    "accuracy": 0.6113989637305699,
    "precision": 0.6343915343915344,
    "recall": 0.6113782051282052,
    "f1": 0.6173012402487802
}