{
    "epoca": 13,
    "accuracy": 0.6555555555555556,
    "precision": 0.6556667902607836,
    "recall": 0.6555555555555554,
    "f1": 0.6554907227316229
}