{
    "epoca": 18,
    "accuracy": 0.5555555555555556,
    "precision": 0.5503063213589529,
    "recall": 0.5555555555555555,
    "f1": 0.5427366284509142
}