{
    "epoca": 18,
    "accuracy": 0.5888888888888889,
    "precision": 0.5890010351966873,
    "recall": 0.5888888888888889,
    "f1": 0.5846965369789473
}