{
    "epoca": 8,
    "accuracy": 0.6113989637305699,
    "precision": 0.6148497897308051,
    "recall": 0.6115384615384616,
    "f1": 0.6127548500881833
}