{
    "epoca": 35,
    "accuracy": 0.6292134831460674,
    "precision": 0.6246843434343435,
    "recall": 0.6310344827586207,
    "f1": 0.624452409398646
}