{
    "epoca": 33,
    "accuracy": 0.6839378238341969,
    "precision": 0.6899669264485414,
    "recall": 0.6843750000000001,
    "f1": 0.6852789884579035
}