{
    "epoca": 31,
    "accuracy": 0.6444444444444445,
    "precision": 0.639781746031746,
    "recall": 0.6444444444444445,
    "f1": 0.6416141391669756
}