{
    "epoca": 28,
    "accuracy": 0.6683937823834197,
    "precision": 0.6730978260869565,
    "recall": 0.6686698717948718,
    "f1": 0.6704431471673887
}