{
    "epoca": 37,
    "accuracy": 0.7083333333333334,
    "precision": 0.7130352532147147,
    "recall": 0.7083625864875865,
    "f1": 0.7100923676060069
}