{
    "epoca": 3,
    "accuracy": 0.46632124352331605,
    "precision": 0.49088050314465415,
    "recall": 0.46490384615384617,
    "f1": 0.4324357324357324
}