{
    "epoca": 12,
    "accuracy": 0.6269430051813472,
    "precision": 0.6211640211640211,
    "recall": 0.6276442307692308,
    "f1": 0.623598856113135
}