{
    "epoca": 12,
    "accuracy": 0.581151832460733,
    "precision": 0.5737301587301588,
    "recall": 0.581929181929182,
    "f1": 0.5751799618398085
}