{
    "epoca": 2,
    "accuracy": 0.5440414507772021,
    "precision": 0.565835771695248,
    "recall": 0.5443910256410257,
    "f1": 0.5465893191064038
}