{
    "epoca": 25,
    "accuracy": 0.6666666666666666,
    "precision": 0.6782163742690058,
    "recall": 0.6678253459503459,
    "f1": 0.6677579995761814
}