{
    "epoca": 10,
    "accuracy": 0.5699481865284974,
    "precision": 0.5669961683517895,
    "recall": 0.5702724358974359,
    "f1": 0.5684585450252058
}