{
    "epoca": 14,
    "accuracy": 0.5666666666666667,
    "precision": 0.5856384243481018,
    "recall": 0.5666666666666665,
    "f1": 0.5690463194745065
}