{
    "epoca": 21,
    "accuracy": 0.6145833333333334,
    "precision": 0.615666971916972,
    "recall": 0.6145095645095645,
    "f1": 0.6150615788411063
}