{
    "epoca": 16,
    "accuracy": 0.5955056179775281,
    "precision": 0.5995997536945813,
    "recall": 0.5946360153256705,
    "f1": 0.5964300428279886
}