{
    "epoca": 19,
    "accuracy": 0.675392670157068,
    "precision": 0.670549498338148,
    "recall": 0.675050875050875,
    "f1": 0.668281491701158
}