{
    "epoca": 21,
    "accuracy": 0.6424870466321243,
    "precision": 0.669365308330328,
    "recall": 0.6419871794871795,
    "f1": 0.638927238328987
}