{
    "epoca": 33,
    "accuracy": 0.7409326424870466,
    "precision": 0.7507620035193564,
    "recall": 0.7408653846153846,
    "f1": 0.740983518293301
}