{
    "epoca": 32,
    "accuracy": 0.7552083333333334,
    "precision": 0.7583871034134996,
    "recall": 0.7546741452991452,
    "f1": 0.7554838658210681
}