{
    "epoca": 20,
    "accuracy": 0.6994818652849741,
    "precision": 0.7006734006734008,
    "recall": 0.7001602564102564,
    "f1": 0.6981649069884365
}