{
    "epoca": 5,
    "accuracy": 0.449438202247191,
    "precision": 0.35857512272089764,
    "recall": 0.3370689655172414,
    "f1": 0.34519022579647385
}