{
    "epoca": 14,
    "accuracy": 0.578125,
    "precision": 0.6188169784433407,
    "recall": 0.5779685592185592,
    "f1": 0.5901207329778759
}