{
    "epoca": 20,
    "accuracy": 0.6787564766839378,
    "precision": 0.6892567526370343,
    "recall": 0.6791666666666667,
    "f1": 0.6824238997266988
}