{
    "epoca": 23,
    "accuracy": 0.5751295336787565,
    "precision": 0.581371834060006,
    "recall": 0.5752403846153846,
    "f1": 0.5758834235797712
}