{
    "epoca": 27,
    "accuracy": 0.6321243523316062,
    "precision": 0.663484748738205,
    "recall": 0.6321314102564103,
    "f1": 0.6406865597763195
}