{
    "epoca": 37,
    "accuracy": 0.7239583333333334,
    "precision": 0.7209536257512269,
    "recall": 0.7241427553927554,
    "f1": 0.7217503389752192
}