{
    "epoca": 47,
    "accuracy": 0.6666666666666666,
    "precision": 0.6690520331232234,
    "recall": 0.6666666666666666,
    "f1": 0.6677256027908988
}