{
    "epoca": 68,
    "accuracy": 0.6373056994818653,
    "precision": 0.6468611468611468,
    "recall": 0.6372596153846154,
    "f1": 0.6401090151500847
}