{
    "epoca": 30,
    "accuracy": 0.6544502617801047,
    "precision": 0.676852819102738,
    "recall": 0.6548636548636549,
    "f1": 0.6620539762954624
}