{
    "epoca": 9,
    "accuracy": 0.4666666666666667,
    "precision": 0.47368421052631576,
    "recall": 0.4666666666666666,
    "f1": 0.4663865546218487
}