{
    "epoca": 20,
    "accuracy": 0.4666666666666667,
    "precision": 0.4777327935222672,
    "recall": 0.4666666666666666,
    "f1": 0.46848739495798314
}