{
    "epoca": 26,
    "accuracy": 0.6269430051813472,
    "precision": 0.6250043862947089,
    "recall": 0.6278044871794872,
    "f1": 0.6262539186179545
}