{
    "epoca": 22,
    "accuracy": 0.65625,
    "precision": 0.6760359680563415,
    "recall": 0.6561864061864062,
    "f1": 0.662978402852907
}