{
    "epoca": 49,
    "accuracy": 0.6787564766839378,
    "precision": 0.6855450100661491,
    "recall": 0.679246794871795,
    "f1": 0.6799213914975851
}