{
    "epoca": 13,
    "accuracy": 0.6373056994818653,
    "precision": 0.6540204678362572,
    "recall": 0.6373397435897435,
    "f1": 0.6419033596149584
}