{
    "epoca": 23,
    "accuracy": 0.5968586387434555,
    "precision": 0.6201576201576201,
    "recall": 0.5964997964997965,
    "f1": 0.602212077899169
}