{
    "epoca": 24,
    "accuracy": 0.5555555555555556,
    "precision": 0.5505050505050505,
    "recall": 0.5555555555555556,
    "f1": 0.5502645502645502
}