{
    "epoca": 45,
    "accuracy": 0.6476683937823834,
    "precision": 0.6682595182595182,
    "recall": 0.6478365384615384,
    "f1": 0.654225085259568
}