{
    "epoca": 5,
    "accuracy": 0.6373056994818653,
    "precision": 0.6290387224072019,
    "recall": 0.6377403846153846,
    "f1": 0.6308030634656022
}