{
    "epoca": 53,
    "accuracy": 0.7083333333333334,
    "precision": 0.7370432872602594,
    "recall": 0.7079543142043142,
    "f1": 0.7164030887781916
}