{
    "epoca": 19,
    "accuracy": 0.6217616580310881,
    "precision": 0.6484529295589203,
    "recall": 0.6217147435897435,
    "f1": 0.628278450023077
}