{
    "epoca": 15,
    "accuracy": 0.6062176165803109,
    "precision": 0.6176638176638177,
    "recall": 0.6064102564102564,
    "f1": 0.6096833215335496
}