{
    "epoca": 31,
    "accuracy": 0.5777777777777777,
    "precision": 0.5723039215686274,
    "recall": 0.5777777777777778,
    "f1": 0.5722072879330944
}