{
    "epoca": 9,
    "accuracy": 0.5,
    "precision": 0.49992409867172666,
    "recall": 0.5,
    "f1": 0.4982581967213115
}