{
    "epoca": 52,
    "accuracy": 0.6067415730337079,
    "precision": 0.6169772256728777,
    "recall": 0.6084291187739463,
    "f1": 0.6071064639030058
}