{
    "epoca": 13,
    "accuracy": 0.6269430051813472,
    "precision": 0.6432826719204429,
    "recall": 0.6269230769230769,
    "f1": 0.6308656909952007
}