{
    "epoca": 26,
    "accuracy": 0.6994818652849741,
    "precision": 0.69508772339589,
    "recall": 0.7005608974358974,
    "f1": 0.6937593164890581
}