{
    "epoca": 42,
    "accuracy": 0.6373056994818653,
    "precision": 0.6346138352618911,
    "recall": 0.6380608974358974,
    "f1": 0.6357496017708268
}