{
    "epoca": 16,
    "accuracy": 0.449438202247191,
    "precision": 0.5078867557645147,
    "recall": 0.449808429118774,
    "f1": 0.4642315942770551
}