{
    "epoca": 16,
    "accuracy": 0.5111111111111111,
    "precision": 0.5324754901960784,
    "recall": 0.5111111111111111,
    "f1": 0.5182571684587813
}