{
    "epoca": 6,
    "accuracy": 0.6966292134831461,
    "precision": 0.7078422249793217,
    "recall": 0.696551724137931,
    "f1": 0.7003328213005632
}