{
    "epoca": 11,
    "accuracy": 0.7191011235955056,
    "precision": 0.7255172413793103,
    "recall": 0.7176245210727968,
    "f1": 0.7190464693289552
}