{
    "epoca": 19,
    "accuracy": 0.7668393782383419,
    "precision": 0.7701223858719114,
    "recall": 0.767147435897436,
    "f1": 0.7684258765899875
}