{
    "epoca": 3,
    "accuracy": 0.7552083333333334,
    "precision": 0.7565371456500488,
    "recall": 0.7556509462759463,
    "f1": 0.7558754768057093
}