{
    "epoca": 27,
    "accuracy": 0.772020725388601,
    "precision": 0.7705327080327079,
    "recall": 0.7725160256410257,
    "f1": 0.7714240997156213
}