{
    "epoca": 20,
    "accuracy": 0.7616580310880829,
    "precision": 0.7755392755392755,
    "recall": 0.7620993589743591,
    "f1": 0.7632446980734985
}