{
    "epoca": 7,
    "accuracy": 0.6222222222222222,
    "precision": 0.6265512265512265,
    "recall": 0.6222222222222222,
    "f1": 0.6183964183964185
}