{
    "epoca": 4,
    "accuracy": 0.6741573033707865,
    "precision": 0.6913341913341914,
    "recall": 0.6750957854406131,
    "f1": 0.6779990742449108
}