{
    "epoca": 16,
    "accuracy": 0.7528089887640449,
    "precision": 0.7586618876941458,
    "recall": 0.7528735632183908,
    "f1": 0.7546543955517208
}