{
    "epoca": 9,
    "accuracy": 0.7409326424870466,
    "precision": 0.7396536796536797,
    "recall": 0.7420673076923077,
    "f1": 0.7352720257438111
}