{
    "epoca": 18,
    "accuracy": 0.8111111111111111,
    "precision": 0.8126984126984128,
    "recall": 0.8111111111111112,
    "f1": 0.8113212211098751
}