{
    "epoca": 12,
    "accuracy": 0.7409326424870466,
    "precision": 0.7395314770945628,
    "recall": 0.741826923076923,
    "f1": 0.7386917218092742
}