{
    "epoca": 4,
    "accuracy": 0.6444444444444445,
    "precision": 0.663220551378446,
    "recall": 0.6444444444444445,
    "f1": 0.6473593268725115
}