{
    "epoca": 21,
    "accuracy": 0.7888888888888889,
    "precision": 0.7900107680364611,
    "recall": 0.7888888888888889,
    "f1": 0.7877236346516007
}