{
    "epoca": 13,
    "accuracy": 0.7875647668393783,
    "precision": 0.7935231460447273,
    "recall": 0.7881410256410257,
    "f1": 0.7897126658450847
}