{
    "epoca": 22,
    "accuracy": 0.7865168539325843,
    "precision": 0.7918470418470419,
    "recall": 0.7873563218390803,
    "f1": 0.7886574674233476
}