{
    "epoca": 6,
    "accuracy": 0.6777777777777778,
    "precision": 0.7134038800705467,
    "recall": 0.6777777777777777,
    "f1": 0.6800538929021901
}