{
    "epoca": 20,
    "accuracy": 0.7512953367875648,
    "precision": 0.7818376068376068,
    "recall": 0.7512820512820513,
    "f1": 0.7582792352439506
}