{
    "epoca": 5,
    "accuracy": 0.7111111111111111,
    "precision": 0.7211029711029712,
    "recall": 0.7111111111111111,
    "f1": 0.7127805145046525
}