{
    "epoca": 10,
    "accuracy": 0.7253886010362695,
    "precision": 0.7417637917637917,
    "recall": 0.7254006410256411,
    "f1": 0.7299572660103969
}