{
    "epoca": 75,
    "accuracy": 0.7333333333333333,
    "precision": 0.7428069094735762,
    "recall": 0.7333333333333334,
    "f1": 0.7335845833489195
}