{
    "epoca": 6,
    "accuracy": 0.7222222222222222,
    "precision": 0.7414209080875748,
    "recall": 0.7222222222222222,
    "f1": 0.7275433608897867
}