{
    "epoca": 27,
    "accuracy": 0.7875647668393783,
    "precision": 0.7927285108958838,
    "recall": 0.7880608974358975,
    "f1": 0.7893675882263856
}