{
    "epoca": 11,
    "accuracy": 0.7068062827225131,
    "precision": 0.7185383244206774,
    "recall": 0.7074481074481075,
    "f1": 0.7112810490451773
}