{
    "epoca": 32,
    "accuracy": 0.8186528497409327,
    "precision": 0.8194639239520024,
    "recall": 0.8191506410256411,
    "f1": 0.8187046794589272
}