{
    "epoca": 23,
    "accuracy": 0.651685393258427,
    "precision": 0.6525769373377828,
    "recall": 0.6517241379310345,
    "f1": 0.651789077212806
}