{
    "epoca": 12,
    "accuracy": 0.7555555555555555,
    "precision": 0.762962962962963,
    "recall": 0.7555555555555555,
    "f1": 0.7567406580110755
}