{
    "epoca": 27,
    "accuracy": 0.7668393782383419,
    "precision": 0.7821927826533575,
    "recall": 0.7680288461538461,
    "f1": 0.7616650668640399
}