{
    "epoca": 20,
    "accuracy": 0.7552083333333334,
    "precision": 0.7696994229252293,
    "recall": 0.7550798738298737,
    "f1": 0.7600863309352519
}