{
    "epoca": 11,
    "accuracy": 0.7222222222222222,
    "precision": 0.7190891545730255,
    "recall": 0.7222222222222223,
    "f1": 0.7189912394830428
}