{
    "epoca": 22,
    "accuracy": 0.7444444444444445,
    "precision": 0.7457051044370289,
    "recall": 0.7444444444444445,
    "f1": 0.7449445833719244
}