{
    "epoca": 11,
    "accuracy": 0.7512953367875648,
    "precision": 0.7542639509852624,
    "recall": 0.7517628205128205,
    "f1": 0.7527782344881581
}