{
    "epoca": 33,
    "accuracy": 0.7461139896373057,
    "precision": 0.7434237426741174,
    "recall": 0.7469551282051282,
    "f1": 0.7441151346157765
}