{
    "epoca": 23,
    "accuracy": 0.8333333333333334,
    "precision": 0.83571783407849,
    "recall": 0.8335457366707367,
    "f1": 0.8343753180661576
}