{
    "epoca": 26,
    "accuracy": 0.7333333333333333,
    "precision": 0.75,
    "recall": 0.7333333333333334,
    "f1": 0.7362514029180697
}