{
    "epoca": 10,
    "accuracy": 0.78125,
    "precision": 0.7857095077850843,
    "recall": 0.7820182132682132,
    "f1": 0.7820533651931502
}