{
    "epoca": 22,
    "accuracy": 0.7666666666666667,
    "precision": 0.7872939925571504,
    "recall": 0.7666666666666666,
    "f1": 0.7677727501256912
}