{
    "epoca": 14,
    "accuracy": 0.7202072538860104,
    "precision": 0.7279724237279415,
    "recall": 0.7207532051282052,
    "f1": 0.7208981230287389
}