{
    "epoca": 9,
    "accuracy": 0.7888888888888889,
    "precision": 0.7898652824125572,
    "recall": 0.7888888888888889,
    "f1": 0.7892254021178723
}