{
    "epoca": 22,
    "accuracy": 0.7696335078534031,
    "precision": 0.7780962823725982,
    "recall": 0.7699633699633699,
    "f1": 0.7729512977544474
}