{
    "epoca": 17,
    "accuracy": 0.7135416666666666,
    "precision": 0.7243728236937,
    "recall": 0.7132402319902319,
    "f1": 0.7173197730413833
}