{
    "epoca": 20,
    "accuracy": 0.6787564766839378,
    "precision": 0.6878159173397753,
    "recall": 0.679326923076923,
    "f1": 0.6785436785436786
}