{
    "epoca": 25,
    "accuracy": 0.6963350785340314,
    "precision": 0.7061171469059991,
    "recall": 0.6967032967032968,
    "f1": 0.7001033179573621
}