{
    "epoca": 7,
    "accuracy": 0.7222222222222222,
    "precision": 0.7218086572925282,
    "recall": 0.7222222222222222,
    "f1": 0.7203139908057942
}