{
    "epoca": 4,
    "accuracy": 0.6777777777777778,
    "precision": 0.6727072210943179,
    "recall": 0.6777777777777777,
    "f1": 0.6736056899991326
}