{
    "epoca": 14,
    "accuracy": 0.6111111111111112,
    "precision": 0.6013359400456174,
    "recall": 0.6111111111111112,
    "f1": 0.6047575678723219
}