{
    "epoca": 31,
    "accuracy": 0.7111111111111111,
    "precision": 0.7274093722369585,
    "recall": 0.7111111111111111,
    "f1": 0.7163934935121375
}