{
    "epoca": 21,
    "accuracy": 0.6735751295336787,
    "precision": 0.6850799859274436,
    "recall": 0.6740384615384616,
    "f1": 0.6758190721389267
}