{
    "epoca": 78,
    "accuracy": 0.7239583333333334,
    "precision": 0.7269133459835547,
    "recall": 0.7243882275132275,
    "f1": 0.7251412275755605
}