{
    "epoca": 17,
    "accuracy": 0.689119170984456,
    "precision": 0.7045055401219784,
    "recall": 0.6895032051282052,
    "f1": 0.6944859920385897
}