{
    "epoca": 13,
    "accuracy": 0.6966292134831461,
    "precision": 0.6950992555831265,
    "recall": 0.696551724137931,
    "f1": 0.6941842310694769
}