{
    "epoca": 20,
    "accuracy": 0.5393258426966292,
    "precision": 0.5574603174603174,
    "recall": 0.5402298850574713,
    "f1": 0.546151166840822
}