{
    "epoca": 17,
    "accuracy": 0.6222222222222222,
    "precision": 0.6256731773973153,
    "recall": 0.6222222222222222,
    "f1": 0.6166317102205091
}