{
    "epoca": 24,
    "accuracy": 0.6292134831460674,
    "precision": 0.6373311660667982,
    "recall": 0.6306513409961686,
    "f1": 0.6331719128329297
}