{
    "epoca": 47,
    "accuracy": 0.7046632124352331,
    "precision": 0.7121908895904161,
    "recall": 0.7052083333333333,
    "f1": 0.7073994060142237
}