{
    "epoca": 45,
    "accuracy": 0.6067415730337079,
    "precision": 0.6338461538461538,
    "recall": 0.6068965517241379,
    "f1": 0.6128342245989306
}