{
    "epoca": 11,
    "accuracy": 0.5333333333333333,
    "precision": 0.5354296535942554,
    "recall": 0.5333333333333333,
    "f1": 0.5297409657818996
}