{
    "epoca": 79,
    "accuracy": 0.6580310880829016,
    "precision": 0.6814845782237087,
    "recall": 0.6583333333333333,
    "f1": 0.6661443439961595
}