{
    "epoca": 23,
    "accuracy": 0.6269430051813472,
    "precision": 0.639977614977615,
    "recall": 0.6272435897435897,
    "f1": 0.6319866462966107
}