{
    "epoca": 21,
    "accuracy": 0.6777777777777778,
    "precision": 0.6824116743471582,
    "recall": 0.6777777777777777,
    "f1": 0.6796683625400415
}