{
    "epoca": 18,
    "accuracy": 0.675392670157068,
    "precision": 0.7028822055137844,
    "recall": 0.6748880748880749,
    "f1": 0.6813331089597646
}