{
    "epoca": 27,
    "accuracy": 0.6222222222222222,
    "precision": 0.6578939253777367,
    "recall": 0.6222222222222222,
    "f1": 0.6186098178551008
}