{
    "epoca": 15,
    "accuracy": 0.6994818652849741,
    "precision": 0.7194014689795281,
    "recall": 0.7000000000000001,
    "f1": 0.7049380901584291
}