{
    "epoca": 25,
    "accuracy": 0.5666666666666667,
    "precision": 0.5666666666666667,
    "recall": 0.5666666666666667,
    "f1": 0.5651785714285714
}