{
    "epoca": 48,
    "accuracy": 0.694300518134715,
    "precision": 0.7025956718610392,
    "recall": 0.6946314102564103,
    "f1": 0.6977169637311551
}