{
    "epoca": 7,
    "accuracy": 0.59375,
    "precision": 0.5967711301044635,
    "recall": 0.5949786324786325,
    "f1": 0.5920034451666734
}