{
    "epoca": 4,
    "accuracy": 0.5854922279792746,
    "precision": 0.5770933977455717,
    "recall": 0.5869391025641025,
    "f1": 0.563717461971761
}