{
    "epoca": 34,
    "accuracy": 0.7239583333333334,
    "precision": 0.7245348048144576,
    "recall": 0.7246336996336997,
    "f1": 0.7240290892391631
}