{
    "epoca": 25,
    "accuracy": 0.7046632124352331,
    "precision": 0.712916149475745,
    "recall": 0.7049679487179487,
    "f1": 0.7080443569190779
}