{
    "epoca": 27,
    "accuracy": 0.5888888888888889,
    "precision": 0.5991740971619454,
    "recall": 0.5888888888888889,
    "f1": 0.5885801714353794
}