{
    "epoca": 41,
    "accuracy": 0.734375,
    "precision": 0.736826619590221,
    "recall": 0.7346471815221816,
    "f1": 0.7353963166463166
}