{
    "epoca": 51,
    "accuracy": 0.6839378238341969,
    "precision": 0.6861827323254865,
    "recall": 0.684775641025641,
    "f1": 0.6837520025803882
}