{
    "epoca": 8,
    "accuracy": 0.6424870466321243,
    "precision": 0.6517543859649123,
    "recall": 0.6423878205128205,
    "f1": 0.6447919640656897
}