{
    "epoca": 18,
    "accuracy": 0.6966292134831461,
    "precision": 0.7119047619047619,
    "recall": 0.6980842911877394,
    "f1": 0.6923303054355175
}