{
    "epoca": 16,
    "accuracy": 0.5888888888888889,
    "precision": 0.5833333333333334,
    "recall": 0.5888888888888889,
    "f1": 0.5848694316436253
}