{
    "epoca": 33,
    "accuracy": 0.6629213483146067,
    "precision": 0.6575040729879439,
    "recall": 0.6632183908045978,
    "f1": 0.6579747768536769
}