{
    "epoca": 37,
    "accuracy": 0.6666666666666666,
    "precision": 0.6553041729512317,
    "recall": 0.6666666666666666,
    "f1": 0.6590277777777778
}