{
    "epoca": 15,
    "accuracy": 0.6683937823834197,
    "precision": 0.6665082714007844,
    "recall": 0.669150641025641,
    "f1": 0.6664125047655356
}