{
    "epoca": 32,
    "accuracy": 0.6632124352331606,
    "precision": 0.6622710622710622,
    "recall": 0.6637820512820513,
    "f1": 0.662952196382429
}