{
    "epoca": 22,
    "accuracy": 0.5111111111111111,
    "precision": 0.5269984917043741,
    "recall": 0.5111111111111111,
    "f1": 0.5172619047619048
}