{
    "epoca": 16,
    "accuracy": 0.6217616580310881,
    "precision": 0.623924429479985,
    "recall": 0.6229166666666667,
    "f1": 0.6142983137288737
}