{
    "epoca": 18,
    "accuracy": 0.8240223463687151,
    "precision": 0.80826424998924,
    "recall": 0.8154243661648497,
    "f1": 0.8096830044366594
}