{
    "epoca": 16,
    "accuracy": 0.7703412073490814,
    "precision": 0.777257288496788,
    "recall": 0.7882424221818347,
    "f1": 0.772829843377886
}