{
    "epoca": 9,
    "accuracy": 0.6600846262341326,
    "precision": 0.6517924976638155,
    "recall": 0.5465090620418763,
    "f1": 0.5411694566154143
}