{
    "epoca": 44,
    "accuracy": 0.747638326585695,
    "precision": 0.7385719931711282,
    "recall": 0.7420160448017591,
    "f1": 0.7302238902650242
}