{
    "epoca": 19,
    "accuracy": 0.7437425506555423,
    "precision": 0.7551721626115089,
    "recall": 0.7178316236052299,
    "f1": 0.7221766397629571
}