{
    "epoca": 4,
    "accuracy": 0.596820809248555,
    "precision": 0.5170340049863744,
    "recall": 0.476666890114536,
    "f1": 0.4667529144122251
}