{
    "epoca": 46,
    "accuracy": 0.8776796973518285,
    "precision": 0.8906521320926778,
    "recall": 0.8908615897192294,
    "f1": 0.8877394602329503
}