{
    "epoca": 60,
    "accuracy": 0.7087378640776699,
    "precision": 0.7615915066078088,
    "recall": 0.7332579841034,
    "f1": 0.7365266580128076
}