{
    "epoca": 24,
    "accuracy": 0.750332005312085,
    "precision": 0.7255825024207063,
    "recall": 0.7229787399578596,
    "f1": 0.701948853059859
}