{
    "epoca": 16,
    "accuracy": 0.7636122177954847,
    "precision": 0.7194963318106028,
    "recall": 0.7215610890352794,
    "f1": 0.7060195989066899
}