{
    "epoca": 12,
    "accuracy": 0.7341430499325237,
    "precision": 0.7247523130722604,
    "recall": 0.6134257655924322,
    "f1": 0.6069232937351681
}