{
    "epoca": 7,
    "accuracy": 0.7637795275590551,
    "precision": 0.6969754760748426,
    "recall": 0.7270116190758784,
    "f1": 0.7077768664043282
}