{
    "epoca": 15,
    "accuracy": 0.733015494636472,
    "precision": 0.6108030034362898,
    "recall": 0.6169845250886998,
    "f1": 0.6095218620454478
}