{
    "epoca": 19,
    "accuracy": 0.7791495198902606,
    "precision": 0.6386901023122463,
    "recall": 0.6367364732136097,
    "f1": 0.6315600842205813
}