{
    "epoca": 8,
    "accuracy": 0.7313997477931904,
    "precision": 0.5957616630240049,
    "recall": 0.652802318535885,
    "f1": 0.6144572716789787
}