{
    "epoca": 41,
    "accuracy": 0.7122708039492243,
    "precision": 0.7251807345770108,
    "recall": 0.6998422359956904,
    "f1": 0.7051134976116432
}