{
    "epoca": 41,
    "accuracy": 0.684971098265896,
    "precision": 0.7332340310521257,
    "recall": 0.7113847563429216,
    "f1": 0.7052961753675464
}