{
    "epoca": 39,
    "accuracy": 0.8058659217877095,
    "precision": 0.6795600145715734,
    "recall": 0.6865401628294973,
    "f1": 0.6805278602267503
}