{
    "epoca": 16,
    "accuracy": 0.6553398058252428,
    "precision": 0.6261113264848326,
    "recall": 0.5742821730735167,
    "f1": 0.5798995483759086
}