{
    "epoca": 21,
    "accuracy": 0.7846364883401921,
    "precision": 0.8071271305396868,
    "recall": 0.7643903920206945,
    "f1": 0.7770417547239045
}