{
    "epoca": 19,
    "accuracy": 0.6329479768786127,
    "precision": 0.6844701445613598,
    "recall": 0.6530402788393198,
    "f1": 0.6595331295406671
}