{
    "epoca": 27,
    "accuracy": 0.8128491620111732,
    "precision": 0.8190346667615455,
    "recall": 0.797605696333205,
    "f1": 0.8048263226380545
}