{
    "epoca": 34,
    "accuracy": 0.7306317044100119,
    "precision": 0.7811557413215728,
    "recall": 0.7134212439332732,
    "f1": 0.7206294963031522
}