{
    "epoca": 51,
    "accuracy": 0.6872427983539094,
    "precision": 0.6680515821545229,
    "recall": 0.6571933605707969,
    "f1": 0.6545401766867005
}