{
    "epoca": 15,
    "accuracy": 0.6019417475728155,
    "precision": 0.540473452688294,
    "recall": 0.5097891523417948,
    "f1": 0.5113918983975851
}