{
    "epoca": 21,
    "accuracy": 0.6889763779527559,
    "precision": 0.7734494633437632,
    "recall": 0.7204254302069478,
    "f1": 0.7256786794823878
}