{
    "epoca": 18,
    "accuracy": 0.5491329479768786,
    "precision": 0.4709310203344481,
    "recall": 0.4420785434706935,
    "f1": 0.4381963359749066
}