{
    "epoca": 23,
    "accuracy": 0.5768772348033373,
    "precision": 0.47846703866342627,
    "recall": 0.482125198272301,
    "f1": 0.47002098440667855
}