{
    "epoca": 28,
    "accuracy": 0.5853314527503526,
    "precision": 0.5562708236945378,
    "recall": 0.521298413669116,
    "f1": 0.5244373037013856
}