{
    "epoca": 26,
    "accuracy": 0.5424757281553398,
    "precision": 0.45474985146355545,
    "recall": 0.45347503452852544,
    "f1": 0.444455131120581
}