{
    "epoca": 34,
    "accuracy": 0.7894073139974779,
    "precision": 0.8091984288805438,
    "recall": 0.8185867805391116,
    "f1": 0.8089399305362666
}