{
    "epoca": 27,
    "accuracy": 0.6717877094972067,
    "precision": 0.6334516563043303,
    "recall": 0.6254978499957395,
    "f1": 0.627569402401387
}