{
    "epoca": 18,
    "accuracy": 0.6865869853917662,
    "precision": 0.6808020018874309,
    "recall": 0.6694175155779925,
    "f1": 0.6504990749973383
}