{
    "epoca": 33,
    "accuracy": 0.5598991172761665,
    "precision": 0.45579107318434076,
    "recall": 0.5027234189952277,
    "f1": 0.47261145642549474
}