{
    "epoca": 18,
    "accuracy": 0.7044534412955465,
    "precision": 0.750612103820567,
    "recall": 0.6310899241851623,
    "f1": 0.6271007695791841
}