{
    "epoca": 21,
    "accuracy": 0.6473906911142454,
    "precision": 0.722916009251413,
    "recall": 0.613951544873734,
    "f1": 0.6260930901718254
}