{
    "epoca": 23,
    "accuracy": 0.602921646746348,
    "precision": 0.4822518119042309,
    "recall": 0.510069376248539,
    "f1": 0.4838268382881414
}