{
    "epoca": 27,
    "accuracy": 0.6719160104986877,
    "precision": 0.5508755090857286,
    "recall": 0.5599469224505944,
    "f1": 0.5434165762483797
}