{
    "epoca": 38,
    "accuracy": 0.6099865047233468,
    "precision": 0.5005519875240525,
    "recall": 0.48169068233353957,
    "f1": 0.47339784647311356
}