{
    "epoca": 48,
    "accuracy": 0.8175582990397805,
    "precision": 0.8510850073738704,
    "recall": 0.8276287656400981,
    "f1": 0.8337544393582134
}