{
    "epoca": 35,
    "accuracy": 0.6530324400564175,
    "precision": 0.6500261413519959,
    "recall": 0.5968120339751403,
    "f1": 0.6049366636156907
}