{
    "epoca": 9,
    "accuracy": 0.6886145404663924,
    "precision": 0.7170405710073668,
    "recall": 0.6979317090563453,
    "f1": 0.701240492432331
}