{
    "epoca": 11,
    "accuracy": 0.7318435754189944,
    "precision": 0.7094405351181889,
    "recall": 0.6874517390840231,
    "f1": 0.689133798414203
}