{
    "epoca": 13,
    "accuracy": 0.5716019417475728,
    "precision": 0.4858398988269025,
    "recall": 0.4777413802873296,
    "f1": 0.4761820450075274
}