{
    "epoca": 34,
    "accuracy": 0.7288776796973518,
    "precision": 0.7599749250891377,
    "recall": 0.7611049674585333,
    "f1": 0.7506528964305048
}