{
    "epoca": 3,
    "accuracy": 0.699475065616798,
    "precision": 0.7406962101429919,
    "recall": 0.6658987320309231,
    "f1": 0.6817469668653413
}