{
    "epoca": 39,
    "accuracy": 0.6520584329349269,
    "precision": 0.6742541759969185,
    "recall": 0.6564931747433825,
    "f1": 0.6429518941842554
}