{
    "epoca": 13,
    "accuracy": 0.6853396901072706,
    "precision": 0.7242187679880512,
    "recall": 0.6750414333550194,
    "f1": 0.679627589650929
}