{
    "epoca": 19,
    "accuracy": 0.7552083333333334,
    "precision": 0.7634781578649198,
    "recall": 0.7554105616605616,
    "f1": 0.7577624697027683
}