{
    "epoca": 16,
    "accuracy": 0.7409326424870466,
    "precision": 0.7583028426681677,
    "recall": 0.741426282051282,
    "f1": 0.744382279961437
}