{
    "epoca": 30,
    "accuracy": 0.7512953367875648,
    "precision": 0.7494874114277099,
    "recall": 0.7519230769230769,
    "f1": 0.7501601096104914
}