{
    "epoca": 5,
    "accuracy": 0.7202072538860104,
    "precision": 0.7145123956756674,
    "recall": 0.7211538461538461,
    "f1": 0.7146620474601444
}