{
    "epoca": 25,
    "accuracy": 0.7927461139896373,
    "precision": 0.794084108739281,
    "recall": 0.7934294871794871,
    "f1": 0.7920788506171306
}