{
    "epoca": 19,
    "accuracy": 0.7564766839378239,
    "precision": 0.7745704999226127,
    "recall": 0.7567307692307693,
    "f1": 0.7616027368229844
}