{
    "epoca": 8,
    "accuracy": 0.6910994764397905,
    "precision": 0.7171830985915494,
    "recall": 0.6915750915750914,
    "f1": 0.6995945094386148
}