{
    "epoca": 17,
    "accuracy": 0.7772020725388601,
    "precision": 0.7816272569313288,
    "recall": 0.7774839743589744,
    "f1": 0.7790194003527336
}