{
    "epoca": 7,
    "accuracy": 0.7150259067357513,
    "precision": 0.7192885203410081,
    "recall": 0.7157051282051282,
    "f1": 0.7160939082758127
}