{
    "epoca": 4,
    "accuracy": 0.6994818652849741,
    "precision": 0.7040222615734885,
    "recall": 0.6998397435897435,
    "f1": 0.7013300008086826
}