{
    "epoca": 29,
    "accuracy": 0.7564766839378239,
    "precision": 0.752036652036652,
    "recall": 0.7572916666666667,
    "f1": 0.7512365242692964
}