{
    "epoca": 11,
    "accuracy": 0.7564766839378239,
    "precision": 0.7566927268419805,
    "recall": 0.757051282051282,
    "f1": 0.7566674931377854
}