{
    "epoca": 2,
    "accuracy": 0.5854922279792746,
    "precision": 0.6737142857142856,
    "recall": 0.5838942307692307,
    "f1": 0.5702869213166696
}