{
    "epoca": 21,
    "accuracy": 0.7708333333333334,
    "precision": 0.7834172931359632,
    "recall": 0.7711983618233619,
    "f1": 0.7749699560845071
}