{
    "epoca": 3,
    "accuracy": 0.6580310880829016,
    "precision": 0.6567616463138851,
    "recall": 0.6584134615384616,
    "f1": 0.6570804462712859
}