{
    "epoca": 3,
    "accuracy": 0.6787564766839378,
    "precision": 0.6872589936049002,
    "recall": 0.6798076923076923,
    "f1": 0.67757405976546
}