{
    "epoca": 10,
    "accuracy": 0.7225130890052356,
    "precision": 0.7381161456503923,
    "recall": 0.7225071225071225,
    "f1": 0.7269070890911133
}