{
    "epoca": 24,
    "accuracy": 0.8020833333333334,
    "precision": 0.8084476728544526,
    "recall": 0.802045177045177,
    "f1": 0.8044048694455199
}