{
    "epoca": 18,
    "accuracy": 0.7760416666666666,
    "precision": 0.782470439319564,
    "recall": 0.7759157509157509,
    "f1": 0.7781449483466955
}