{
    "epoca": 0,
    "accuracy": 0.46632124352331605,
    "precision": 0.6431216931216931,
    "recall": 0.46818910256410257,
    "f1": 0.41393762183235866
}