{
    "epoca": 23,
    "accuracy": 0.6787564766839378,
    "precision": 0.6727102718482029,
    "recall": 0.6794871794871794,
    "f1": 0.6745328372690859
}