{
    "epoca": 31,
    "accuracy": 0.7512953367875648,
    "precision": 0.7494034834286873,
    "recall": 0.7516826923076924,
    "f1": 0.7489753792784096
}