{
    "accuracy": 0.39176626826029215,
    "precision": 0.38780349283090687,
    "recall": 0.34089220321801117,
    "f1": 0.3238520433510214
}