{
    "accuracy": 0.43963254593175854,
    "precision": 0.38955695366945037,
    "recall": 0.36964282064098464,
    "f1": 0.3676121134922684
}