{
    "accuracy": 0.32281553398058255,
    "precision": 0.2876481921448366,
    "recall": 0.2775797316334558,
    "f1": 0.27363244918914076
}