{
    "epoca": 19,
    "accuracy": 0.5679611650485437,
    "precision": 0.6099048010261661,
    "recall": 0.5461194474019547,
    "f1": 0.5249452873006517
}