{
    "epoca": 20,
    "accuracy": 0.6032388663967612,
    "precision": 0.6152690370724272,
    "recall": 0.5540407132549989,
    "f1": 0.5593989282107633
}