{
    "epoca": 46,
    "accuracy": 0.6603098927294399,
    "precision": 0.6576061013752541,
    "recall": 0.6268745577482507,
    "f1": 0.6318687869652165
}