{
    "epoca": 49,
    "accuracy": 0.7091906721536351,
    "precision": 0.7771855322509061,
    "recall": 0.720690846548969,
    "f1": 0.7363534689931509
}