{
    "epoca": 20,
    "accuracy": 0.588150289017341,
    "precision": 0.6426795151852756,
    "recall": 0.6344325218742337,
    "f1": 0.621704714385362
}