{
    "epoca": 31,
    "accuracy": 0.6233595800524935,
    "precision": 0.6819860804582237,
    "recall": 0.6898346668291588,
    "f1": 0.6628307078168405
}