{
    "epoca": 68,
    "accuracy": 0.598937583001328,
    "precision": 0.5837487226854513,
    "recall": 0.5906944213141929,
    "f1": 0.5618216493883278
}