{
    "epoca": 18,
    "accuracy": 0.5937940761636107,
    "precision": 0.6572866405800379,
    "recall": 0.6153245047753929,
    "f1": 0.608451082576019
}