{
    "epoca": 47,
    "accuracy": 0.699873896595208,
    "precision": 0.76970326239637,
    "recall": 0.7288452990644557,
    "f1": 0.7359281116384628
}