{
    "epoca": 28,
    "accuracy": 0.6466480446927374,
    "precision": 0.6084018121491227,
    "recall": 0.5658063911365869,
    "f1": 0.5679620024909886
}