{
    "epoca": 41,
    "accuracy": 0.5578069129916567,
    "precision": 0.4332385377200456,
    "recall": 0.45629571057922347,
    "f1": 0.4407004325774565
}