{
    "epoca": 15,
    "accuracy": 0.6041666666666666,
    "precision": 0.6020923520923521,
    "recall": 0.6044134106634106,
    "f1": 0.6020822821552
}