{
    "epoca": 3,
    "accuracy": 0.5555555555555556,
    "precision": 0.5962301587301587,
    "recall": 0.5555555555555555,
    "f1": 0.5526466157602203
}