{
    "epoca": 12,
    "accuracy": 0.5555555555555556,
    "precision": 0.5637236326891499,
    "recall": 0.5555555555555555,
    "f1": 0.5578009561060409
}