{
    "epoca": 3,
    "accuracy": 0.5025906735751295,
    "precision": 0.5325018896447468,
    "recall": 0.5024038461538461,
    "f1": 0.5088197203043073
}