{
    "epoca": 20,
    "accuracy": 0.5077720207253886,
    "precision": 0.5910522273425499,
    "recall": 0.5075320512820513,
    "f1": 0.5232866971997406
}