{
    "epoca": 32,
    "accuracy": 0.5888888888888889,
    "precision": 0.5936507936507937,
    "recall": 0.5888888888888889,
    "f1": 0.5886557886557887
}