{
    "epoca": 23,
    "accuracy": 0.5444444444444444,
    "precision": 0.5461621041331186,
    "recall": 0.5444444444444444,
    "f1": 0.5384845762204252
}