{
    "epoca": 13,
    "accuracy": 0.5955056179775281,
    "precision": 0.6415945165945166,
    "recall": 0.5954022988505746,
    "f1": 0.6031669849649872
}