{
    "epoca": 17,
    "accuracy": 0.5492227979274611,
    "precision": 0.5808899176954733,
    "recall": 0.5493589743589743,
    "f1": 0.5585249510763209
}