{
    "epoca": 12,
    "accuracy": 0.5549738219895288,
    "precision": 0.5454761904761904,
    "recall": 0.5567765567765567,
    "f1": 0.5484868934208565
}