{
    "epoca": 37,
    "accuracy": 0.5111111111111111,
    "precision": 0.5275388862345384,
    "recall": 0.5111111111111111,
    "f1": 0.5135136834098674
}