{
    "epoca": 34,
    "accuracy": 0.5222222222222223,
    "precision": 0.5192012288786482,
    "recall": 0.5222222222222223,
    "f1": 0.5204446956849443
}