{
    "epoca": 31,
    "accuracy": 0.6777777777777778,
    "precision": 0.6877518544185212,
    "recall": 0.6777777777777777,
    "f1": 0.6785963665382361
}