{
    "epoca": 24,
    "accuracy": 0.48704663212435234,
    "precision": 0.4945205479452055,
    "recall": 0.4873397435897436,
    "f1": 0.49010441016051115
}