{
    "epoca": 10,
    "accuracy": 0.5333333333333333,
    "precision": 0.535956380783967,
    "recall": 0.5333333333333333,
    "f1": 0.5279903507611688
}