{
    "epoca": 14,
    "accuracy": 0.5340314136125655,
    "precision": 0.5354103797950139,
    "recall": 0.5347985347985348,
    "f1": 0.5350276963180188
}