{
    "epoca": 20,
    "accuracy": 0.45555555555555555,
    "precision": 0.4653968253968254,
    "recall": 0.45555555555555555,
    "f1": 0.4584304584304584
}