{
    "epoca": 14,
    "accuracy": 0.5181347150259067,
    "precision": 0.5137795869139152,
    "recall": 0.5189102564102565,
    "f1": 0.5159819925621453
}