{
    "epoca": 6,
    "accuracy": 0.6041666666666666,
    "precision": 0.6055616650374716,
    "recall": 0.6039326414326415,
    "f1": 0.6046661470115219
}