{
    "epoca": 34,
    "accuracy": 0.6041666666666666,
    "precision": 0.598889116063518,
    "recall": 0.6052248677248677,
    "f1": 0.5990537012090672
}