{
    "epoca": 6,
    "accuracy": 0.5333333333333333,
    "precision": 0.5382394778679608,
    "recall": 0.5333333333333333,
    "f1": 0.5248153365823942
}