{
    "epoca": 15,
    "accuracy": 0.4444444444444444,
    "precision": 0.48161375661375666,
    "recall": 0.4444444444444444,
    "f1": 0.44941176470588234
}