{
    "epoca": 30,
    "accuracy": 0.5595854922279793,
    "precision": 0.5985148514851485,
    "recall": 0.5588942307692307,
    "f1": 0.5587069764469016
}