{
    "epoca": 14,
    "accuracy": 0.5129533678756477,
    "precision": 0.5620071684587814,
    "recall": 0.5125000000000001,
    "f1": 0.5202228015621237
}