{
    "epoca": 8,
    "accuracy": 0.46113989637305697,
    "precision": 0.48864932380900017,
    "recall": 0.46113782051282054,
    "f1": 0.46455219557409344
}