{
    "epoca": 6,
    "accuracy": 0.45077720207253885,
    "precision": 0.5399695517620046,
    "recall": 0.45,
    "f1": 0.44821714869373386
}