{
    "epoca": 34,
    "accuracy": 0.5854922279792746,
    "precision": 0.561560759165695,
    "recall": 0.5868589743589744,
    "f1": 0.5668265339567489
}