{
    "epoca": 6,
    "accuracy": 0.5492227979274611,
    "precision": 0.5575757575757576,
    "recall": 0.5492788461538461,
    "f1": 0.5518395910552774
}