{
    "epoca": 12,
    "accuracy": 0.5647668393782384,
    "precision": 0.5838368369206718,
    "recall": 0.564823717948718,
    "f1": 0.5696402060038425
}