{
    "epoca": 18,
    "accuracy": 0.4606741573033708,
    "precision": 0.4760168302945302,
    "recall": 0.46053639846743294,
    "f1": 0.46413481696500564
}