{
    "epoca": 8,
    "accuracy": 0.6444444444444445,
    "precision": 0.7015182884748102,
    "recall": 0.6444444444444444,
    "f1": 0.6518715397446632
}