{
    "epoca": 16,
    "accuracy": 0.5751295336787565,
    "precision": 0.5726225762274789,
    "recall": 0.5759615384615385,
    "f1": 0.5727761503785941
}