{
    "epoca": 1,
    "accuracy": 0.39325842696629215,
    "precision": 0.268009768009768,
    "recall": 0.393103448275862,
    "f1": 0.3053763440860215
}