{
    "epoca": 28,
    "accuracy": 0.5,
    "precision": 0.5243825455693206,
    "recall": 0.5,
    "f1": 0.5065087755601122
}