{
    "epoca": 16,
    "accuracy": 0.5842696629213483,
    "precision": 0.5867448680351907,
    "recall": 0.5839080459770115,
    "f1": 0.5836875126492612
}