{
    "epoca": 21,
    "accuracy": 0.4895833333333333,
    "precision": 0.5052851091560769,
    "recall": 0.4896545584045584,
    "f1": 0.49555182072829124
}