{
    "epoca": 63,
    "accuracy": 0.6292134831460674,
    "precision": 0.6437637637637638,
    "recall": 0.6302681992337164,
    "f1": 0.6329941203075532
}