{
    "epoca": 14,
    "accuracy": 0.5,
    "precision": 0.4890281258702311,
    "recall": 0.5,
    "f1": 0.4861551147265433
}