{
    "epoca": 6,
    "accuracy": 0.5751295336787565,
    "precision": 0.5816498316498316,
    "recall": 0.575400641025641,
    "f1": 0.5699681148249767
}