{
    "epoca": 21,
    "accuracy": 0.6067415730337079,
    "precision": 0.5973846653671214,
    "recall": 0.6061302681992338,
    "f1": 0.5960680568523705
}