{
    "epoca": 16,
    "accuracy": 0.616580310880829,
    "precision": 0.6258017699833557,
    "recall": 0.616746794871795,
    "f1": 0.61986280717624
}