{
    "epoca": 20,
    "accuracy": 0.6683937823834197,
    "precision": 0.7109125013792342,
    "recall": 0.669150641025641,
    "f1": 0.6711933516474025
}