{
    "epoca": 25,
    "accuracy": 0.6444444444444445,
    "precision": 0.6461925287356322,
    "recall": 0.6444444444444444,
    "f1": 0.6449790413705122
}