{
    "epoca": 14,
    "accuracy": 0.6510416666666666,
    "precision": 0.6603038936372271,
    "recall": 0.651872201872202,
    "f1": 0.6518503992766175
}