{
    "epoca": 12,
    "accuracy": 0.6424870466321243,
    "precision": 0.6594174503657263,
    "recall": 0.6431089743589743,
    "f1": 0.6466612390213538
}