{
    "epoca": 18,
    "accuracy": 0.6333333333333333,
    "precision": 0.6388112250181216,
    "recall": 0.6333333333333333,
    "f1": 0.63112560237107
}