{
    "epoca": 20,
    "accuracy": 0.7461139896373057,
    "precision": 0.7558787730011148,
    "recall": 0.7462339743589744,
    "f1": 0.7484541325518395
}