{
    "epoca": 25,
    "accuracy": 0.6580310880829016,
    "precision": 0.6527849055647424,
    "recall": 0.6587339743589743,
    "f1": 0.6542390910417343
}