{
    "epoca": 15,
    "accuracy": 0.694300518134715,
    "precision": 0.6995060966198489,
    "recall": 0.6950320512820513,
    "f1": 0.6941798941798942
}