{
    "epoca": 19,
    "accuracy": 0.7150259067357513,
    "precision": 0.7231947995260959,
    "recall": 0.7146634615384615,
    "f1": 0.7150728597449909
}