{
    "epoca": 7,
    "accuracy": 0.6787564766839378,
    "precision": 0.6796433945400446,
    "recall": 0.6791666666666667,
    "f1": 0.6788690887323295
}