{
    "epoca": 5,
    "accuracy": 0.7,
    "precision": 0.7010677494548462,
    "recall": 0.6999999999999998,
    "f1": 0.6987379651314077
}