{
    "epoca": 6,
    "accuracy": 0.6444444444444445,
    "precision": 0.6466973886328725,
    "recall": 0.6444444444444444,
    "f1": 0.6451856039193519
}