{
    "epoca": 21,
    "accuracy": 0.6787564766839378,
    "precision": 0.7003255229316402,
    "recall": 0.6786057692307693,
    "f1": 0.6809014514896868
}