{
    "epoca": 15,
    "accuracy": 0.6770833333333334,
    "precision": 0.6846269207637367,
    "recall": 0.6775055962555964,
    "f1": 0.6792003825920613
}