{
    "epoca": 27,
    "accuracy": 0.6217616580310881,
    "precision": 0.6314419050268106,
    "recall": 0.6216346153846154,
    "f1": 0.6236610711430856
}