{
    "epoca": 34,
    "accuracy": 0.5888888888888889,
    "precision": 0.59375,
    "recall": 0.5888888888888889,
    "f1": 0.5908416759362254
}