{
    "epoca": 36,
    "accuracy": 0.6629213483146067,
    "precision": 0.66125,
    "recall": 0.6616858237547892,
    "f1": 0.6598964555953802
}