{
    "epoca": 31,
    "accuracy": 0.48314606741573035,
    "precision": 0.46789321789321786,
    "recall": 0.48237547892720306,
    "f1": 0.4627257668323151
}