{
    "epoca": 29,
    "accuracy": 0.6333333333333333,
    "precision": 0.631336405529954,
    "recall": 0.6333333333333333,
    "f1": 0.6319954776710005
}