{
    "epoca": 10,
    "accuracy": 0.6555555555555556,
    "precision": 0.6613905133203378,
    "recall": 0.6555555555555556,
    "f1": 0.6527316508740658
}