{
    "epoca": 13,
    "accuracy": 0.6632124352331606,
    "precision": 0.6810967489228359,
    "recall": 0.663301282051282,
    "f1": 0.6671296454417462
}