{
    "epoca": 16,
    "accuracy": 0.6062176165803109,
    "precision": 0.614476858267499,
    "recall": 0.6071314102564103,
    "f1": 0.6060380860968166
}