{
    "epoca": 16,
    "accuracy": 0.6741573033707865,
    "precision": 0.6746536393713813,
    "recall": 0.6754789272030651,
    "f1": 0.6733021077283373
}