{
    "epoca": 23,
    "accuracy": 0.75,
    "precision": 0.7492083304440285,
    "recall": 0.7507656695156695,
    "f1": 0.7484415402448189
}