{
    "epoca": 35,
    "accuracy": 0.6875,
    "precision": 0.691679467485919,
    "recall": 0.6876895095645096,
    "f1": 0.6886994601056872
}