{
    "epoca": 21,
    "accuracy": 0.6839378238341969,
    "precision": 0.6801069162388503,
    "recall": 0.6846153846153845,
    "f1": 0.6812989321333353
}