{
    "epoca": 5,
    "accuracy": 0.5666666666666667,
    "precision": 0.5653679653679653,
    "recall": 0.5666666666666667,
    "f1": 0.5606837606837606
}