{
    "epoca": 4,
    "accuracy": 0.6404494382022472,
    "precision": 0.6677631578947368,
    "recall": 0.6417624521072797,
    "f1": 0.6405972224955555
}