{
    "epoca": 33,
    "accuracy": 0.6741573033707865,
    "precision": 0.6764048531289911,
    "recall": 0.6724137931034483,
    "f1": 0.6707884731549586
}