{
    "epoca": 4,
    "accuracy": 0.6111111111111112,
    "precision": 0.5989343729694606,
    "recall": 0.6111111111111112,
    "f1": 0.5996122212840479
}