{
    "epoca": 21,
    "accuracy": 0.6476683937823834,
    "precision": 0.6621044056894702,
    "recall": 0.6472756410256411,
    "f1": 0.6491894782292909
}