{
    "epoca": 18,
    "accuracy": 0.6735751295336787,
    "precision": 0.6762043998886105,
    "recall": 0.6734775641025642,
    "f1": 0.6721725146780021
}