{
    "epoca": 38,
    "accuracy": 0.7447916666666666,
    "precision": 0.7459524682306942,
    "recall": 0.7445004070004071,
    "f1": 0.7451288690694833
}