{
    "epoca": 26,
    "accuracy": 0.6476683937823834,
    "precision": 0.6537765716870195,
    "recall": 0.647996794871795,
    "f1": 0.6504965936140524
}