{
    "epoca": 5,
    "accuracy": 0.6741573033707865,
    "precision": 0.6807179987004548,
    "recall": 0.6727969348659003,
    "f1": 0.6701421309264447
}