{
    "epoca": 33,
    "accuracy": 0.6222222222222222,
    "precision": 0.6133398442391005,
    "recall": 0.6222222222222222,
    "f1": 0.6162497522053721
}