{
    "epoca": 9,
    "accuracy": 0.7150259067357513,
    "precision": 0.7168124759871258,
    "recall": 0.7153846153846154,
    "f1": 0.7152471075162273
}