{
    "epoca": 10,
    "accuracy": 0.6701570680628273,
    "precision": 0.6656354832584341,
    "recall": 0.6702482702482703,
    "f1": 0.665428539623473
}