{
    "epoca": 26,
    "accuracy": 0.6777777777777778,
    "precision": 0.6799719887955181,
    "recall": 0.6777777777777777,
    "f1": 0.6774425287356323
}