{
    "epoca": 8,
    "accuracy": 0.6,
    "precision": 0.5822368421052632,
    "recall": 0.6,
    "f1": 0.5817836812144213
}