{
    "epoca": 36,
    "accuracy": 0.5666666666666667,
    "precision": 0.5809195402298851,
    "recall": 0.5666666666666667,
    "f1": 0.5703133025166923
}