{
    "epoca": 0,
    "accuracy": 0.36787564766839376,
    "precision": 0.42623973727422,
    "recall": 0.3654647435897436,
    "f1": 0.3017126076390893
}