{
    "epoca": 15,
    "accuracy": 0.6839378238341969,
    "precision": 0.6811405642481908,
    "recall": 0.6844551282051282,
    "f1": 0.6822474937343358
}