{
    "epoca": 4,
    "accuracy": 0.6444444444444445,
    "precision": 0.6533758639021797,
    "recall": 0.6444444444444444,
    "f1": 0.6359432661953671
}