{
    "epoca": 27,
    "accuracy": 0.7604166666666666,
    "precision": 0.768306800254062,
    "recall": 0.7606964794464796,
    "f1": 0.7635399338350961
}