{
    "epoca": 8,
    "accuracy": 0.6387434554973822,
    "precision": 0.6359432044363551,
    "recall": 0.6388278388278388,
    "f1": 0.6343547242992783
}