{
    "epoca": 18,
    "accuracy": 0.694300518134715,
    "precision": 0.7016562016562018,
    "recall": 0.6959134615384616,
    "f1": 0.6784170078287725
}