{
    "epoca": 20,
    "accuracy": 0.6596858638743456,
    "precision": 0.6620875420875421,
    "recall": 0.6595034595034595,
    "f1": 0.6522355394601855
}