{
    "epoca": 11,
    "accuracy": 0.6735751295336787,
    "precision": 0.6751245580199292,
    "recall": 0.6739583333333333,
    "f1": 0.6741522366522367
}