{
    "epoca": 7,
    "accuracy": 0.689703808180536,
    "precision": 0.6419284261854126,
    "recall": 0.6198225738882551,
    "f1": 0.6257844782315504
}