{
    "epoca": 6,
    "accuracy": 0.6444174757281553,
    "precision": 0.5658280595482779,
    "recall": 0.571643189360104,
    "f1": 0.5670820378623064
}