{
    "epoca": 39,
    "accuracy": 0.8065843621399177,
    "precision": 0.8354543122393887,
    "recall": 0.8151113760664866,
    "f1": 0.8191399963823294
}