{
    "epoca": 9,
    "accuracy": 0.744413407821229,
    "precision": 0.7651796657602945,
    "recall": 0.7315865217290987,
    "f1": 0.7256468975915275
}