{
    "epoca": 11,
    "accuracy": 0.6676300578034682,
    "precision": 0.7167062948041207,
    "recall": 0.6871217555751268,
    "f1": 0.6881907545699247
}