{
    "epoca": 23,
    "accuracy": 0.5571227080394923,
    "precision": 0.5563460562001131,
    "recall": 0.5364702186018212,
    "f1": 0.5244924205300103
}