{
    "epoca": 60,
    "accuracy": 0.7434842249657064,
    "precision": 0.807612054211053,
    "recall": 0.7725896164153727,
    "f1": 0.7799199161894717
}