{
    "epoca": 44,
    "accuracy": 0.7326607818411097,
    "precision": 0.6806198217437198,
    "recall": 0.6639600327576367,
    "f1": 0.6656535174625884
}