{
    "epoca": 20,
    "accuracy": 0.6417322834645669,
    "precision": 0.7171288157845904,
    "recall": 0.7201832502915735,
    "f1": 0.6956681864498343
}