{
    "epoca": 20,
    "accuracy": 0.5604249667994687,
    "precision": 0.6961223692644578,
    "recall": 0.5804083042471042,
    "f1": 0.5781332551013599
}