{
    "epoca": 28,
    "accuracy": 0.6424581005586593,
    "precision": 0.609586339950211,
    "recall": 0.6096471166064394,
    "f1": 0.6039113276151433
}