{
    "epoca": 32,
    "accuracy": 0.5279126213592233,
    "precision": 0.6036423810486049,
    "recall": 0.6169280760101006,
    "f1": 0.5901870054835504
}