{
    "epoca": 9,
    "accuracy": 0.4841040462427746,
    "precision": 0.5207408071835216,
    "recall": 0.46899875297689936,
    "f1": 0.4786443374294789
}