{
    "epoca": 87,
    "accuracy": 0.6180836707152496,
    "precision": 0.6476307636994101,
    "recall": 0.5929498156164823,
    "f1": 0.6006775625688315
}