{
    "epoca": 96,
    "accuracy": 0.6579261025029798,
    "precision": 0.7242667553615689,
    "recall": 0.6391594993923793,
    "f1": 0.6633485505324265
}