{
    "epoca": 18,
    "accuracy": 0.6683937823834197,
    "precision": 0.6783935967239052,
    "recall": 0.6692307692307692,
    "f1": 0.6702839990764259
}