{
    "epoca": 18,
    "accuracy": 0.7668393782383419,
    "precision": 0.7720718441689857,
    "recall": 0.7672275641025642,
    "f1": 0.7689885261101049
}