{
    "epoca": 14,
    "accuracy": 0.6476683937823834,
    "precision": 0.6938037087290819,
    "recall": 0.6477564102564103,
    "f1": 0.6589407603584266
}