{
    "epoca": 21,
    "accuracy": 0.7046632124352331,
    "precision": 0.7144430483813423,
    "recall": 0.7053685897435896,
    "f1": 0.7060710474407735
}