{
    "epoca": 28,
    "accuracy": 0.694300518134715,
    "precision": 0.6992684408604295,
    "recall": 0.6952724358974359,
    "f1": 0.6902918051938522
}