{
    "epoca": 25,
    "accuracy": 0.6994818652849741,
    "precision": 0.7184089945283976,
    "recall": 0.6999198717948718,
    "f1": 0.7049354110823377
}