{
    "epoca": 23,
    "accuracy": 0.8134715025906736,
    "precision": 0.8150829400829401,
    "recall": 0.8142628205128205,
    "f1": 0.8119079437743656
}