{
    "epoca": 12,
    "accuracy": 0.7760416666666666,
    "precision": 0.7758583822091887,
    "recall": 0.7764842796092797,
    "f1": 0.7759081441127998
}