{
    "epoca": 25,
    "accuracy": 0.694300518134715,
    "precision": 0.7052631578947368,
    "recall": 0.6944711538461538,
    "f1": 0.6976223204151076
}