{
    "epoca": 25,
    "accuracy": 0.7668393782383419,
    "precision": 0.766240569466376,
    "recall": 0.7673076923076924,
    "f1": 0.7665704130454176
}