{
    "epoca": 15,
    "accuracy": 0.6701570680628273,
    "precision": 0.6818765664160401,
    "recall": 0.671062271062271,
    "f1": 0.6752044840784132
}