{
    "epoca": 22,
    "accuracy": 0.7150259067357513,
    "precision": 0.7290169522756588,
    "recall": 0.7153846153846154,
    "f1": 0.7193495271760476
}