{
    "epoca": 16,
    "accuracy": 0.6927083333333334,
    "precision": 0.7063994786575432,
    "recall": 0.6935464997964997,
    "f1": 0.6965599888249262
}