{
    "epoca": 18,
    "accuracy": 0.78125,
    "precision": 0.7944137138581583,
    "recall": 0.7825943732193732,
    "f1": 0.7814814814814813
}