{
    "epoca": 21,
    "accuracy": 0.7357512953367875,
    "precision": 0.7437677265263473,
    "recall": 0.7363782051282052,
    "f1": 0.7366254443848939
}