{
    "epoca": 45,
    "accuracy": 0.7616580310880829,
    "precision": 0.777703761755486,
    "recall": 0.7615384615384615,
    "f1": 0.7649966035029049
}