{
    "epoca": 15,
    "accuracy": 0.7015706806282722,
    "precision": 0.7204628628031217,
    "recall": 0.7011803011803012,
    "f1": 0.7045203097834677
}