{
    "epoca": 5,
    "accuracy": 0.7357512953367875,
    "precision": 0.7457160046294171,
    "recall": 0.7363782051282052,
    "f1": 0.7386997484099971
}