{
    "epoca": 26,
    "accuracy": 0.6979166666666666,
    "precision": 0.7063055215070757,
    "recall": 0.6981061762311763,
    "f1": 0.7011551432959341
}