{
    "epoca": 20,
    "accuracy": 0.6839378238341969,
    "precision": 0.7032346894208134,
    "recall": 0.6846955128205128,
    "f1": 0.6865742091622181
}