{
    "epoca": 21,
    "accuracy": 0.7253886010362695,
    "precision": 0.7323822463768116,
    "recall": 0.7258814102564103,
    "f1": 0.7285004208445596
}