{
    "epoca": 85,
    "accuracy": 0.7772020725388601,
    "precision": 0.7744846656611363,
    "recall": 0.7778044871794871,
    "f1": 0.7754926004228331
}