{
    "epoca": 22,
    "accuracy": 0.694300518134715,
    "precision": 0.7159716100892571,
    "recall": 0.6943108974358975,
    "f1": 0.7001564945226918
}