{
    "epoca": 24,
    "accuracy": 0.7253886010362695,
    "precision": 0.756666342926824,
    "recall": 0.7253205128205128,
    "f1": 0.7313131313131312
}