{
    "epoca": 41,
    "accuracy": 0.7823834196891192,
    "precision": 0.7921710189452126,
    "recall": 0.7822916666666666,
    "f1": 0.7846560846560847
}