{
    "epoca": 14,
    "accuracy": 0.6839378238341969,
    "precision": 0.6804564817777443,
    "recall": 0.6846153846153845,
    "f1": 0.6821818140831098
}