{
    "epoca": 13,
    "accuracy": 0.75,
    "precision": 0.7511272141706925,
    "recall": 0.7506003256003256,
    "f1": 0.75000365863358
}