{
    "epoca": 19,
    "accuracy": 0.7461139896373057,
    "precision": 0.7492963075060532,
    "recall": 0.7467147435897435,
    "f1": 0.7470155367988944
}