{
    "epoca": 16,
    "accuracy": 0.75,
    "precision": 0.756140350877193,
    "recall": 0.7509284696784696,
    "f1": 0.7504477093376457
}