{
    "epoca": 33,
    "accuracy": 0.7461139896373057,
    "precision": 0.749888535276663,
    "recall": 0.7463141025641026,
    "f1": 0.7456468202230914
}