{
    "epoca": 15,
    "accuracy": 0.7461139896373057,
    "precision": 0.7453745600804424,
    "recall": 0.7467948717948718,
    "f1": 0.7455156213295747
}