{
    "epoca": 12,
    "accuracy": 0.7461139896373057,
    "precision": 0.7526410826633213,
    "recall": 0.7462339743589744,
    "f1": 0.7480849409403071
}