{
    "epoca": 20,
    "accuracy": 0.7253886010362695,
    "precision": 0.746711398013589,
    "recall": 0.7251602564102564,
    "f1": 0.7296075705303147
}