{
    "epoca": 26,
    "accuracy": 0.7395833333333334,
    "precision": 0.7509303561935141,
    "recall": 0.740100986975987,
    "f1": 0.7440049348446295
}