{
    "epoca": 49,
    "accuracy": 0.7772020725388601,
    "precision": 0.7867679148119054,
    "recall": 0.7775641025641026,
    "f1": 0.7808293087587111
}