{
    "epoca": 96,
    "accuracy": 0.8229166666666666,
    "precision": 0.822635582010582,
    "recall": 0.8234495828245828,
    "f1": 0.8229166666666666
}