{
    "epoca": 15,
    "accuracy": 0.743455497382199,
    "precision": 0.7535353535353536,
    "recall": 0.7433455433455434,
    "f1": 0.7466834065704121
}