{
    "epoca": 11,
    "accuracy": 0.6735751295336787,
    "precision": 0.6791942459917202,
    "recall": 0.6735576923076924,
    "f1": 0.6751294921644867
}