{
    "epoca": 2,
    "accuracy": 0.6492146596858639,
    "precision": 0.6525556051239565,
    "recall": 0.6503866503866503,
    "f1": 0.6479129763851196
}