{
    "epoca": 16,
    "accuracy": 0.7357512953367875,
    "precision": 0.7327527428252649,
    "recall": 0.7367788461538461,
    "f1": 0.7309866397457639
}