{
    "accuracy": 0.6023622047244095,
    "precision": 0.464303256261206,
    "recall": 0.5098193592979394,
    "f1": 0.47353051249681855
}