{
    "epoca": 1,
    "accuracy": 0.45995145631067963,
    "precision": 0.37907035271331724,
    "recall": 0.3788293111974499,
    "f1": 0.3759685684468438
}