{
    "epoca": 17,
    "accuracy": 0.5853018372703412,
    "precision": 0.4438239059847297,
    "recall": 0.49298962610896513,
    "f1": 0.4613116291371974
}