{
    "epoca": 52,
    "accuracy": 0.7402234636871509,
    "precision": 0.5952895061297602,
    "recall": 0.6049949141944382,
    "f1": 0.59590742441428
}