{
    "epoca": 28,
    "accuracy": 0.5351925630810093,
    "precision": 0.4335514868481818,
    "recall": 0.4627319398831652,
    "f1": 0.4349576693096249
}