{
    "epoca": 42,
    "accuracy": 0.6372832369942196,
    "precision": 0.5165418672373479,
    "recall": 0.5274497022555311,
    "f1": 0.5151272805088536
}