{
    "epoca": 19,
    "accuracy": 0.6317780580075663,
    "precision": 0.5360398055360169,
    "recall": 0.5542756059621972,
    "f1": 0.533964362355374
}