{
    "epoca": 8,
    "accuracy": 0.7389749702026222,
    "precision": 0.5797047553869976,
    "recall": 0.6046292317330527,
    "f1": 0.5898508143663255
}