{
    "epoca": 15,
    "accuracy": 0.728744939271255,
    "precision": 0.5676862020849687,
    "recall": 0.5805359834169358,
    "f1": 0.5646265723384245
}