{
    "epoca": 38,
    "accuracy": 0.8423707440100883,
    "precision": 0.8589708252502769,
    "recall": 0.85575329101644,
    "f1": 0.8534883954194905
}