{
    "epoca": 7,
    "accuracy": 0.7572178477690289,
    "precision": 0.6102985052511577,
    "recall": 0.6259766673554923,
    "f1": 0.613543525183353
}