{
    "epoca": 21,
    "accuracy": 0.8814627994955864,
    "precision": 0.8919691201511336,
    "recall": 0.8927500259683734,
    "f1": 0.8889867315064197
}