{
    "epoca": 7,
    "accuracy": 0.7423638778220452,
    "precision": 0.6125016673336001,
    "recall": 0.6242148592825212,
    "f1": 0.6041845714580203
}