{
    "epoca": 17,
    "accuracy": 0.7427821522309711,
    "precision": 0.6107128421024814,
    "recall": 0.6152081584039968,
    "f1": 0.6041075426489565
}