{
    "epoca": 9,
    "accuracy": 0.689703808180536,
    "precision": 0.6400917395457719,
    "recall": 0.6272045916488468,
    "f1": 0.6268408571777251
}