{
    "epoca": 8,
    "accuracy": 0.770949720670391,
    "precision": 0.6150261631301737,
    "recall": 0.6334314965300727,
    "f1": 0.6207192887853764
}