{
    "epoca": 9,
    "accuracy": 0.8044692737430168,
    "precision": 0.784658813781121,
    "recall": 0.8166680628311755,
    "f1": 0.7937028815142643
}