{
    "epoca": 17,
    "accuracy": 0.6905339805825242,
    "precision": 0.7501930718934594,
    "recall": 0.6750059073348338,
    "f1": 0.6936810419248358
}