{
    "epoca": 23,
    "accuracy": 0.7622841965471447,
    "precision": 0.7540439987974876,
    "recall": 0.7382640276879286,
    "f1": 0.7322332721750853
}