{
    "epoca": 26,
    "accuracy": 0.6929611650485437,
    "precision": 0.6469051976619702,
    "recall": 0.6760336078337945,
    "f1": 0.6391473914553436
}