{
    "epoca": 12,
    "accuracy": 0.6473988439306358,
    "precision": 0.5685315565395805,
    "recall": 0.5242965541947172,
    "f1": 0.5127681681796672
}