{
    "epoca": 12,
    "accuracy": 0.7759237187127532,
    "precision": 0.7610253324953546,
    "recall": 0.7528189675853407,
    "f1": 0.7463973608832031
}