{
    "epoca": 9,
    "accuracy": 0.8052126200274349,
    "precision": 0.6704107307989314,
    "recall": 0.6578067021683963,
    "f1": 0.6558817690663902
}