{
    "epoca": 11,
    "accuracy": 0.803840877914952,
    "precision": 0.8529807092373858,
    "recall": 0.7262453417739818,
    "f1": 0.7541148667845532
}