{
    "epoca": 18,
    "accuracy": 0.7023977433004231,
    "precision": 0.6440021207523531,
    "recall": 0.6371539751973603,
    "f1": 0.6342949498588117
}