{
    "epoca": 8,
    "accuracy": 0.7112860892388452,
    "precision": 0.7566960790766234,
    "recall": 0.6775417010343571,
    "f1": 0.6860701265228819
}