{
    "epoca": 8,
    "accuracy": 0.7219973009446694,
    "precision": 0.6683225713648081,
    "recall": 0.6457884514074991,
    "f1": 0.6172455427703225
}