{
    "epoca": 5,
    "accuracy": 0.6661849710982659,
    "precision": 0.6766399076593245,
    "recall": 0.6299407493604552,
    "f1": 0.6225935651467613
}