{
    "epoca": 46,
    "accuracy": 0.5599435825105783,
    "precision": 0.520602538097467,
    "recall": 0.5146087503780399,
    "f1": 0.5023822853750143
}