{
    "epoca": 38,
    "accuracy": 0.5924426450742241,
    "precision": 0.6301396025575313,
    "recall": 0.5278713323713323,
    "f1": 0.5400155681503088
}