{
    "epoca": 24,
    "accuracy": 0.6233595800524935,
    "precision": 0.686390492256478,
    "recall": 0.6887953451870221,
    "f1": 0.6737620716116813
}