{
    "epoca": 29,
    "accuracy": 0.5290148448043185,
    "precision": 0.40233337291801446,
    "recall": 0.42323981309695596,
    "f1": 0.40185043505487694
}