{
    "epoca": 4,
    "accuracy": 0.5871056241426612,
    "precision": 0.5330617748212252,
    "recall": 0.4840267193243205,
    "f1": 0.4874301048643021
}