{
    "epoca": 41,
    "accuracy": 0.7402234636871509,
    "precision": 0.7845580229319485,
    "recall": 0.7616127802954019,
    "f1": 0.769412181344322
}