{
    "epoca": 85,
    "accuracy": 0.6175298804780877,
    "precision": 0.685400606576805,
    "recall": 0.6556767288400152,
    "f1": 0.6512734793797773
}