{
    "epoca": 63,
    "accuracy": 0.7297668038408779,
    "precision": 0.7758372800519512,
    "recall": 0.7639770109215827,
    "f1": 0.7576755828381525
}