{
    "epoca": 51,
    "accuracy": 0.5811001410437235,
    "precision": 0.5519644307266519,
    "recall": 0.5373371031100734,
    "f1": 0.5235899345578529
}