{
    "epoca": 54,
    "accuracy": 0.5978407557354926,
    "precision": 0.6147714387508788,
    "recall": 0.5298533635676492,
    "f1": 0.5418168750840635
}