{
    "epoca": 39,
    "accuracy": 0.6584362139917695,
    "precision": 0.7304954229931522,
    "recall": 0.6570672032203914,
    "f1": 0.6725233925518429
}