{
    "epoca": 50,
    "accuracy": 0.5716019417475728,
    "precision": 0.6753497062057108,
    "recall": 0.5804444288945381,
    "f1": 0.6018024858811879
}