{
    "epoca": 21,
    "accuracy": 0.5219123505976095,
    "precision": 0.6543254041040927,
    "recall": 0.5540494261450007,
    "f1": 0.5663150025785597
}