{
    "epoca": 49,
    "accuracy": 0.691114245416079,
    "precision": 0.6562567258995831,
    "recall": 0.6489050745300208,
    "f1": 0.6408846994767354
}