{
    "epoca": 58,
    "accuracy": 0.638728323699422,
    "precision": 0.7000016308361564,
    "recall": 0.7015461225269621,
    "f1": 0.6914452871876251
}