{
    "epoca": 59,
    "accuracy": 0.6899441340782123,
    "precision": 0.6656556005516976,
    "recall": 0.6285810799686449,
    "f1": 0.6374308600752745
}