{
    "epoca": 49,
    "accuracy": 0.7187894073139974,
    "precision": 0.6570002753267721,
    "recall": 0.6477419096375742,
    "f1": 0.645681039740559
}