{
    "epoca": 45,
    "accuracy": 0.5744934445768772,
    "precision": 0.6320960420530598,
    "recall": 0.558103890173825,
    "f1": 0.5768060945981485
}