{
    "epoca": 14,
    "accuracy": 0.5780346820809249,
    "precision": 0.6653377079264479,
    "recall": 0.5972747389379994,
    "f1": 0.6141046737281425
}