{
    "epoca": 27,
    "accuracy": 0.5721096543504172,
    "precision": 0.5646928840127383,
    "recall": 0.5157697794949938,
    "f1": 0.5207515668910565
}