{
    "epoca": 15,
    "accuracy": 0.6207349081364829,
    "precision": 0.704087638232513,
    "recall": 0.6997563682520843,
    "f1": 0.6856046870756342
}