{
    "epoca": 50,
    "accuracy": 0.8133669609079445,
    "precision": 0.8392973287144434,
    "recall": 0.8317157213517687,
    "f1": 0.8316798789332308
}