{
    "epoca": 24,
    "accuracy": 0.5060679611650486,
    "precision": 0.5411197744761171,
    "recall": 0.49690436214361766,
    "f1": 0.49884167109610084
}