{
    "epoca": 57,
    "accuracy": 0.6102502979737783,
    "precision": 0.4736665825223592,
    "recall": 0.4995248422245434,
    "f1": 0.4802068212154264
}