{
    "epoca": 5,
    "accuracy": 0.651685393258427,
    "precision": 0.6588134088134089,
    "recall": 0.6528735632183907,
    "f1": 0.6467207572684246
}