{
    "epoca": 6,
    "accuracy": 0.5730337078651685,
    "precision": 0.5959308454564621,
    "recall": 0.5743295019157088,
    "f1": 0.5821734199402
}