{
    "epoca": 36,
    "accuracy": 0.6555555555555556,
    "precision": 0.6572747176195451,
    "recall": 0.6555555555555556,
    "f1": 0.6556300811122553
}