{
    "epoca": 4,
    "accuracy": 0.6111111111111112,
    "precision": 0.6208112874779541,
    "recall": 0.611111111111111,
    "f1": 0.6048044948973742
}