{
    "epoca": 14,
    "accuracy": 0.6580310880829016,
    "precision": 0.6586775493025493,
    "recall": 0.6584935897435897,
    "f1": 0.6585625538458456
}