{
    "epoca": 16,
    "accuracy": 0.6269430051813472,
    "precision": 0.6493603295928877,
    "recall": 0.6266025641025641,
    "f1": 0.6303861119693367
}