{
    "epoca": 12,
    "accuracy": 0.6649214659685864,
    "precision": 0.6908508158508159,
    "recall": 0.663980463980464,
    "f1": 0.6645968715787297
}