{
    "epoca": 27,
    "accuracy": 0.6113989637305699,
    "precision": 0.6297715339860933,
    "recall": 0.6115384615384616,
    "f1": 0.6166020241543503
}