{
    "epoca": 41,
    "accuracy": 0.7512953367875648,
    "precision": 0.7672189985622823,
    "recall": 0.7512820512820513,
    "f1": 0.7551488685334964
}