{
    "epoca": 20,
    "accuracy": 0.7135416666666666,
    "precision": 0.722336129232681,
    "recall": 0.7132402319902319,
    "f1": 0.7162297887629645
}