{
    "epoca": 21,
    "accuracy": 0.5955056179775281,
    "precision": 0.6091397849462364,
    "recall": 0.5969348659003831,
    "f1": 0.5929411764705882
}