{
    "epoca": 19,
    "accuracy": 0.671875,
    "precision": 0.6829311001926186,
    "recall": 0.672059422059422,
    "f1": 0.6759280520474551
}