{
    "epoca": 33,
    "accuracy": 0.6067415730337079,
    "precision": 0.6210826210826211,
    "recall": 0.6068965517241379,
    "f1": 0.6100539811066127
}