{
    "epoca": 19,
    "accuracy": 0.6735751295336787,
    "precision": 0.6862394034975442,
    "recall": 0.6739583333333333,
    "f1": 0.6787345333318249
}