{
    "epoca": 13,
    "accuracy": 0.6333333333333333,
    "precision": 0.6403133903133903,
    "recall": 0.6333333333333333,
    "f1": 0.6338757028412201
}