{
    "epoca": 16,
    "accuracy": 0.6444444444444445,
    "precision": 0.6485119047619048,
    "recall": 0.6444444444444445,
    "f1": 0.6460140897293288
}