{
    "epoca": 4,
    "accuracy": 0.6888888888888889,
    "precision": 0.6960784313725491,
    "recall": 0.6888888888888888,
    "f1": 0.6910919540229884
}