{
    "epoca": 4,
    "accuracy": 0.47191011235955055,
    "precision": 0.49530075187969924,
    "recall": 0.4754789272030651,
    "f1": 0.4450798501218669
}