{
    "epoca": 13,
    "accuracy": 0.6424870466321243,
    "precision": 0.657451402787751,
    "recall": 0.642948717948718,
    "f1": 0.6486837284270943
}