{
    "epoca": 19,
    "accuracy": 0.6683937823834197,
    "precision": 0.6961511839415353,
    "recall": 0.6684294871794871,
    "f1": 0.6736056214317084
}