{
    "epoca": 1,
    "accuracy": 0.47668393782383417,
    "precision": 0.5108780108780109,
    "recall": 0.4755608974358974,
    "f1": 0.46724542387972806
}