{
    "epoca": 24,
    "accuracy": 0.6,
    "precision": 0.6015696452848844,
    "recall": 0.6,
    "f1": 0.6006699391806366
}