{
    "epoca": 26,
    "accuracy": 0.6994818652849741,
    "precision": 0.7181475193359743,
    "recall": 0.7012019230769231,
    "f1": 0.6864182375110826
}