{
    "epoca": 8,
    "accuracy": 0.5595854922279793,
    "precision": 0.5947377241494889,
    "recall": 0.5594551282051282,
    "f1": 0.567838661314504
}