{
    "epoca": 16,
    "accuracy": 0.6113989637305699,
    "precision": 0.6416099773242631,
    "recall": 0.6112980769230769,
    "f1": 0.6188814828580935
}