{
    "epoca": 15,
    "accuracy": 0.5444444444444444,
    "precision": 0.5458508550602748,
    "recall": 0.5444444444444444,
    "f1": 0.5356918914617649
}