{
    "epoca": 12,
    "accuracy": 0.5968586387434555,
    "precision": 0.6208862821766048,
    "recall": 0.5958485958485958,
    "f1": 0.5958163844121492
}