{
    "epoca": 9,
    "accuracy": 0.5730337078651685,
    "precision": 0.5795045045045045,
    "recall": 0.5712643678160919,
    "f1": 0.5673737959314683
}