{
    "epoca": 19,
    "accuracy": 0.6222222222222222,
    "precision": 0.6548343475321163,
    "recall": 0.6222222222222222,
    "f1": 0.616998534777114
}