{
    "epoca": 24,
    "accuracy": 0.6839378238341969,
    "precision": 0.6845271093311007,
    "recall": 0.684775641025641,
    "f1": 0.6841469377731292
}