{
    "epoca": 70,
    "accuracy": 0.7111111111111111,
    "precision": 0.7283333333333334,
    "recall": 0.7111111111111111,
    "f1": 0.7108225108225108
}