{
    "epoca": 21,
    "accuracy": 0.7291666666666666,
    "precision": 0.7320062451209992,
    "recall": 0.7298471204721205,
    "f1": 0.7298958507379559
}