{
    "epoca": 5,
    "accuracy": 0.7,
    "precision": 0.7061252923321889,
    "recall": 0.6999999999999998,
    "f1": 0.702191546142452
}