{
    "epoca": 17,
    "accuracy": 0.5,
    "precision": 0.5128747795414462,
    "recall": 0.5,
    "f1": 0.5050087641739185
}