{
    "epoca": 22,
    "accuracy": 0.7046632124352331,
    "precision": 0.7207020646222099,
    "recall": 0.7048076923076924,
    "f1": 0.7096217245248542
}