{
    "epoca": 5,
    "accuracy": 0.5222222222222223,
    "precision": 0.5729060554612336,
    "recall": 0.5222222222222221,
    "f1": 0.5325973012155681
}