{
    "epoca": 17,
    "accuracy": 0.5699481865284974,
    "precision": 0.6005003380662609,
    "recall": 0.5699519230769231,
    "f1": 0.578306969609817
}