{
    "epoca": 6,
    "accuracy": 0.5888888888888889,
    "precision": 0.5847442680776014,
    "recall": 0.5888888888888889,
    "f1": 0.5847860145500798
}