{
    "epoca": 15,
    "accuracy": 0.734375,
    "precision": 0.7385642355210219,
    "recall": 0.7356239824989824,
    "f1": 0.7324903596090038
}