{
    "epoca": 28,
    "accuracy": 0.4356796116504854,
    "precision": 0.3609535092520573,
    "recall": 0.3677264620001363,
    "f1": 0.3518802258120601
}