{
    "epoca": 44,
    "accuracy": 0.6005586592178771,
    "precision": 0.4770588204924448,
    "recall": 0.4950822100964431,
    "f1": 0.46068632190452785
}