{
    "epoca": 26,
    "accuracy": 0.6002522068095839,
    "precision": 0.5937925975473679,
    "recall": 0.5361674177084637,
    "f1": 0.5461329756002818
}