{
    "epoca": 15,
    "accuracy": 0.40620592383638926,
    "precision": 0.29626142885538287,
    "recall": 0.3514864093833098,
    "f1": 0.31819079700857233
}