{
    "epoca": 43,
    "accuracy": 0.5706447187928669,
    "precision": 0.5898960675393845,
    "recall": 0.5077760338063715,
    "f1": 0.5173417022252886
}