{
    "epoca": 26,
    "accuracy": 0.5810055865921788,
    "precision": 0.6182444687807077,
    "recall": 0.5361541357267772,
    "f1": 0.5513163099096442
}