{
    "epoca": 64,
    "accuracy": 0.5883940620782726,
    "precision": 0.6514230028949537,
    "recall": 0.534627121555693,
    "f1": 0.5396378641282449
}