{
    "epoca": 15,
    "accuracy": 0.43691899070385126,
    "precision": 0.49373611027740144,
    "recall": 0.411951294735691,
    "f1": 0.42564338440841915
}