{
    "epoca": 41,
    "accuracy": 0.48339973439575035,
    "precision": 0.5904118048293352,
    "recall": 0.4826231737638091,
    "f1": 0.4922225681558404
}