{
    "epoca": 36,
    "accuracy": 0.515748031496063,
    "precision": 0.41450286949553466,
    "recall": 0.4289034289976762,
    "f1": 0.41523391056063774
}