{
    "epoca": 47,
    "accuracy": 0.6234132581100141,
    "precision": 0.6126752546926055,
    "recall": 0.6172008657688227,
    "f1": 0.6009063893593013
}