{
    "epoca": 16,
    "accuracy": 0.4754335260115607,
    "precision": 0.46645527450170177,
    "recall": 0.4231471551191702,
    "f1": 0.42999211383020286
}