{
    "epoca": 40,
    "accuracy": 0.6027742749054225,
    "precision": 0.5013358950568445,
    "recall": 0.5337183019149156,
    "f1": 0.5038403390286736
}