{
    "epoca": 13,
    "accuracy": 0.4016990291262136,
    "precision": 0.45335997682964646,
    "recall": 0.3587946224110253,
    "f1": 0.38040638899647133
}