{
    "epoca": 69,
    "accuracy": 0.5876042908224076,
    "precision": 0.5512108486190863,
    "recall": 0.4974850900381603,
    "f1": 0.5106595368634155
}