{
    "epoca": 26,
    "accuracy": 0.5133991537376587,
    "precision": 0.4924718993445229,
    "recall": 0.4823937933904621,
    "f1": 0.48308684406481883
}