{
    "epoca": 5,
    "accuracy": 0.43832020997375326,
    "precision": 0.3749041071390615,
    "recall": 0.36904714010772766,
    "f1": 0.34220967069911135
}