{
    "epoca": 10,
    "accuracy": 0.4634794156706507,
    "precision": 0.4033139498304744,
    "recall": 0.3869036127808737,
    "f1": 0.37521745730377487
}