{
    "epoca": 12,
    "accuracy": 0.49794238683127573,
    "precision": 0.41062176111304555,
    "recall": 0.40674897021186374,
    "f1": 0.4045348998141155
}