{
    "epoca": 34,
    "accuracy": 0.49421965317919075,
    "precision": 0.39945329438901284,
    "recall": 0.4105196697057383,
    "f1": 0.3901770615216135
}