{
    "epoca": 52,
    "accuracy": 0.6633039092055486,
    "precision": 0.6197093693245886,
    "recall": 0.5953684259617369,
    "f1": 0.5999933450217763
}