{
    "epoca": 36,
    "accuracy": 0.4958283671036949,
    "precision": 0.48562527263161215,
    "recall": 0.4151127920397517,
    "f1": 0.425869025903839
}