{
    "epoca": 12,
    "accuracy": 0.5991620111731844,
    "precision": 0.5745626280962102,
    "recall": 0.5067473815546393,
    "f1": 0.4863475508915018
}