{
    "epoca": 27,
    "accuracy": 0.39563106796116504,
    "precision": 0.462911590474086,
    "recall": 0.43295627294663214,
    "f1": 0.44297714970554153
}