{
    "epoca": 40,
    "accuracy": 0.547244094488189,
    "precision": 0.5880888940505467,
    "recall": 0.5783215470553292,
    "f1": 0.5668819071423515
}