{
    "epoca": 20,
    "accuracy": 0.48988439306358383,
    "precision": 0.46523937055321263,
    "recall": 0.436205524065682,
    "f1": 0.4335058025853753
}