{
    "epoca": 15,
    "accuracy": 0.4898785425101215,
    "precision": 0.41619190578146215,
    "recall": 0.394919054490483,
    "f1": 0.3898078388081109
}