{
    "epoca": 57,
    "accuracy": 0.6035665294924554,
    "precision": 0.6077358763106874,
    "recall": 0.5502688253212329,
    "f1": 0.5607320371068856
}