{
    "epoca": 20,
    "accuracy": 0.5101214574898786,
    "precision": 0.6163070625248468,
    "recall": 0.4363423463661559,
    "f1": 0.4574398936339145
}