{
    "accuracy": 0.45827814569536424,
    "roc_auc": 0.8534419055694439,
    "y_pred": [
        4,
        4,
        0,
        0,
        8,
        2,
        8,
        8,
        9,
        3,
        0,
        3,
        0,
        5,
        4,
        8,
        8,
        5,
        4,
        2,
        9,
        0,
        5,
        7,
        5,
        7,
        7,
        8,
        5,
        2,
        2,
        5,
        5,
        5,
        4,
        0,
        0,
        2,
        4,
        7,
        7,
        4,
        4,
        4,
        5,
        5,
        7,
        7,
        3,
        5,
        4,
        7,
        9,
        4,
        2,
        3,
        2,
        0,
        2,
        0,
        0,
        0,
        8,
        7,
        5,
        2,
        3,
        2,
        2,
        5,
        0,
        9,
        4,
        4,
        2,
        5,
        0,
        8,
        4,
        5,
        8,
        8,
        4,
        8,
        2,
        5,
        8,
        8,
        8,
        3,
        0,
        3,
        0,
        7,
        2,
        0,
        5,
        5,
        8,
        4,
        9,
        0,
        5,
        8,
        8,
        5,
        4,
        8,
        2,
        2,
        9,
        4,
        9,
        3,
        9,
        2,
        8,
        5,
        3,
        9,
        8,
        8,
        5,
        8,
        2,
        3,
        8,
        4,
        2,
        2,
        7,
        8,
        9,
        3,
        2,
        9,
        4,
        9,
        9,
        5,
        0,
        2,
        3,
        7,
        0,
        0,
        0,
        3,
        5,
        3,
        2,
        5,
        4,
        7,
        9,
        4,
        7,
        5,
        5,
        3,
        3,
        4,
        0,
        2,
        9,
        5,
        0,
        9,
        7,
        5,
        3,
        4,
        9,
        5,
        5,
        0,
        5,
        2,
        4,
        8,
        9,
        4,
        8,
        7,
        0,
        5,
        9,
        2,
        0,
        4,
        4,
        0,
        5,
        7,
        5,
        9,
        3,
        0,
        0,
        7,
        8,
        8,
        7,
        0,
        9,
        2,
        0,
        4,
        5,
        4,
        7,
        7,
        2,
        8,
        2,
        0,
        5,
        2,
        3,
        3,
        4,
        0,
        2,
        4,
        7,
        5,
        0,
        5,
        4,
        3,
        1,
        9,
        7,
        7,
        4,
        0,
        7,
        8,
        8,
        7,
        5,
        3,
        7,
        4,
        0,
        0,
        0,
        8,
        3,
        7,
        4,
        2,
        7,
        2,
        8,
        7,
        8,
        8,
        2,
        2,
        0,
        2,
        4,
        0,
        3,
        2,
        0,
        0,
        8,
        4,
        8,
        7,
        4,
        3,
        5,
        7,
        1,
        4,
        0,
        9,
        5,
        2,
        4,
        9,
        3,
        8,
        9,
        8,
        8,
        9,
        5,
        2,
        7,
        0,
        3,
        5,
        3,
        9,
        4,
        2,
        4,
        0,
        5,
        9,
        4,
        2,
        3,
        8,
        2,
        7,
        2,
        9,
        4,
        0,
        3,
        9,
        7,
        7,
        3,
        7,
        7,
        3,
        2,
        2,
        5,
        0,
        0,
        7,
        2,
        9,
        8,
        5,
        2,
        9,
        3,
        8,
        8,
        5,
        2,
        1,
        0,
        7,
        0,
        4,
        8,
        0,
        3,
        0,
        4,
        3,
        0,
        3,
        7,
        1,
        0,
        5,
        4,
        9,
        8,
        2,
        9,
        7,
        8,
        8,
        7,
        9,
        8,
        2,
        0,
        5,
        9,
        4,
        0,
        4,
        7,
        5,
        8,
        5,
        9,
        4,
        2,
        3,
        8,
        9,
        8,
        9,
        5,
        9,
        0,
        5,
        9,
        0,
        4,
        0,
        2,
        4,
        1,
        5,
        4,
        3,
        7,
        0,
        2,
        8,
        9,
        5,
        0,
        9,
        2,
        4,
        5,
        8,
        2,
        9,
        7,
        7,
        3,
        2,
        2,
        9,
        2,
        4,
        8,
        9,
        8,
        9,
        0,
        4,
        5,
        8,
        8,
        4,
        3,
        5,
        0,
        0,
        3,
        9,
        0,
        5,
        4,
        0,
        2,
        5,
        3,
        9,
        8,
        2,
        7,
        1,
        5,
        8,
        4,
        0,
        0,
        4,
        5,
        0,
        9,
        0,
        3,
        4,
        0,
        4,
        5,
        0,
        1,
        8,
        2,
        0,
        2,
        0,
        7,
        3,
        4,
        5,
        4,
        0,
        0,
        4,
        7,
        5,
        4,
        0,
        5,
        0,
        4,
        5,
        3,
        2,
        0,
        2,
        2,
        5,
        2,
        5,
        5,
        0,
        4,
        8,
        5,
        0,
        7,
        7,
        2,
        8,
        0,
        3,
        9,
        2,
        3,
        0,
        2,
        7,
        9,
        8,
        2,
        2,
        4,
        2,
        7,
        4,
        3,
        5,
        3,
        7,
        2,
        9,
        8,
        5,
        8,
        7,
        0,
        2,
        2,
        8,
        8,
        7,
        9,
        9,
        4,
        7,
        5,
        3,
        0,
        5,
        0,
        5,
        2,
        0,
        2,
        9,
        0,
        7,
        0,
        0,
        5,
        4,
        9,
        4,
        9,
        2,
        9,
        4,
        3,
        0,
        0,
        1,
        8,
        9,
        8,
        4,
        8,
        0,
        8,
        0,
        0,
        3,
        0,
        1,
        2,
        4,
        5,
        9,
        7,
        2,
        2,
        0,
        3,
        4,
        9,
        2,
        5,
        2,
        0,
        4,
        2,
        3,
        2,
        4,
        4,
        7,
        0,
        4,
        5,
        2,
        7,
        1,
        4,
        2,
        7,
        8,
        7,
        2,
        9,
        3,
        9,
        2,
        0,
        9,
        5,
        9,
        5,
        2,
        2,
        0,
        8,
        7,
        2,
        5,
        7,
        7,
        4,
        7,
        0,
        8,
        4,
        8,
        4,
        7,
        5,
        7,
        8,
        8,
        8,
        0,
        5,
        7,
        2,
        0,
        5,
        0,
        0,
        4,
        8,
        3,
        8,
        2,
        9,
        0,
        5,
        0,
        2,
        8,
        0,
        3,
        0,
        5,
        8,
        9,
        3,
        7,
        3,
        2,
        0,
        8,
        0,
        2,
        8,
        8,
        8,
        8,
        5,
        4,
        2,
        8,
        7,
        3,
        8,
        7,
        9,
        5,
        5,
        4,
        4,
        8,
        9,
        5,
        8,
        8,
        8,
        0,
        5,
        2,
        9,
        0,
        4,
        2,
        8,
        8,
        4,
        7,
        9,
        5,
        4,
        8,
        0,
        4,
        0,
