{
    "epoca": 36,
    "accuracy": 0.689119170984456,
    "precision": 0.7223480083857442,
    "recall": 0.6899038461538461,
    "f1": 0.6933731349431618
}