{
    "epoca": 35,
    "accuracy": 0.7305699481865285,
    "precision": 0.7270385932150637,
    "recall": 0.7315705128205128,
    "f1": 0.7249275932709677
}