{
    "epoca": 40,
    "accuracy": 0.7916666666666666,
    "precision": 0.8007840332469108,
    "recall": 0.7932514245014245,
    "f1": 0.7883597883597884
}