{
    "epoca": 19,
    "accuracy": 0.6544502617801047,
    "precision": 0.6601694915254238,
    "recall": 0.6558404558404559,
    "f1": 0.6565003035822708
}