{
    "epoca": 33,
    "accuracy": 0.6875,
    "precision": 0.7076883748566375,
    "recall": 0.6890669515669515,
    "f1": 0.6887168197526639
}