{
    "epoca": 18,
    "accuracy": 0.7150259067357513,
    "precision": 0.717332130235356,
    "recall": 0.7153846153846154,
    "f1": 0.7162629140260952
}