{
    "epoca": 41,
    "accuracy": 0.7357512953367875,
    "precision": 0.7554843304843305,
    "recall": 0.7371794871794872,
    "f1": 0.7263986013986014
}