{
    "epoca": 30,
    "accuracy": 0.689119170984456,
    "precision": 0.6965488215488215,
    "recall": 0.6895833333333333,
    "f1": 0.6907702012102551
}