{
    "epoca": 44,
    "accuracy": 0.7202072538860104,
    "precision": 0.738122624693102,
    "recall": 0.7210737179487179,
    "f1": 0.7208130174573127
}