{
    "epoca": 31,
    "accuracy": 0.6649214659685864,
    "precision": 0.6733929718466527,
    "recall": 0.6660968660968661,
    "f1": 0.6684385711191553
}