{
    "epoca": 56,
    "accuracy": 0.6994818652849741,
    "precision": 0.7035139167567012,
    "recall": 0.700400641025641,
    "f1": 0.6989417989417989
}