{
    "epoca": 24,
    "accuracy": 0.7098445595854922,
    "precision": 0.7318190434068365,
    "recall": 0.7100961538461538,
    "f1": 0.7143589061148446
}