{
    "epoca": 15,
    "accuracy": 0.7253886010362695,
    "precision": 0.7253926937891189,
    "recall": 0.7259615384615384,
    "f1": 0.7254397202019595
}