{
    "epoca": 20,
    "accuracy": 0.7357512953367875,
    "precision": 0.7333227325731073,
    "recall": 0.7365384615384616,
    "f1": 0.7338587243593663
}