{
    "epoca": 20,
    "accuracy": 0.6787564766839378,
    "precision": 0.7046690955046749,
    "recall": 0.6796474358974359,
    "f1": 0.6782857631311981
}