{
    "epoca": 57,
    "accuracy": 0.7409326424870466,
    "precision": 0.7452354048964218,
    "recall": 0.7415865384615384,
    "f1": 0.7408770072848094
}