{
    "epoca": 13,
    "accuracy": 0.6510416666666666,
    "precision": 0.6497105045492142,
    "recall": 0.651296041921042,
    "f1": 0.650337176239598
}