{
    "epoca": 28,
    "accuracy": 0.7708333333333334,
    "precision": 0.7706247456247457,
    "recall": 0.7712759462759463,
    "f1": 0.7708333333333334
}