{
    "epoca": 20,
    "accuracy": 0.7524271844660194,
    "precision": 0.7880732505713512,
    "recall": 0.7842141590063003,
    "f1": 0.767659825746804
}