{
    "epoca": 13,
    "accuracy": 0.7395411605937922,
    "precision": 0.7979063679570162,
    "recall": 0.6259738885453172,
    "f1": 0.6276598553721072
}