{
    "epoca": 21,
    "accuracy": 0.7662682602921647,
    "precision": 0.7819383034462264,
    "recall": 0.790241359342952,
    "f1": 0.7733349332488851
}