{
    "epoca": 20,
    "accuracy": 0.8083989501312336,
    "precision": 0.8278277549517862,
    "recall": 0.8338621180034889,
    "f1": 0.8251216559160056
}