{
    "epoca": 25,
    "accuracy": 0.7291960507757405,
    "precision": 0.7891391204452025,
    "recall": 0.7053080122737749,
    "f1": 0.7115732808841776
}