{
    "epoca": 31,
    "accuracy": 0.7531734837799718,
    "precision": 0.7416657150788973,
    "recall": 0.7738006135963861,
    "f1": 0.7542981593103651
}