{
    "epoca": 38,
    "accuracy": 0.832282471626734,
    "precision": 0.8596549908424909,
    "recall": 0.8551105935930098,
    "f1": 0.8462517911384589
}