{
    "epoca": 47,
    "accuracy": 0.7989203778677463,
    "precision": 0.7868165715786983,
    "recall": 0.7988304473304473,
    "f1": 0.781042980440848
}