{
    "epoca": 21,
    "accuracy": 0.8081048867699643,
    "precision": 0.7323595917547756,
    "recall": 0.6963473501758352,
    "f1": 0.7033666875886244
}