{
    "epoca": 42,
    "accuracy": 0.8532235939643347,
    "precision": 0.8645357603493915,
    "recall": 0.8529402549171048,
    "f1": 0.8498616847333011
}