{
    "epoca": 15,
    "accuracy": 0.7250996015936255,
    "precision": 0.6270648611738083,
    "recall": 0.654773252347614,
    "f1": 0.6303227212419692
}