{
    "epoca": 45,
    "accuracy": 0.8449931412894376,
    "precision": 0.8679857510311674,
    "recall": 0.8399419310589167,
    "f1": 0.8485868484242578
}