{
    "epoca": 14,
    "accuracy": 0.6979768786127167,
    "precision": 0.5839072062871135,
    "recall": 0.5669892864299053,
    "f1": 0.5606053871948391
}