{
    "epoca": 15,
    "accuracy": 0.7615606936416185,
    "precision": 0.8199736131955067,
    "recall": 0.7589391536639992,
    "f1": 0.7721643188357948
}