{
    "epoca": 24,
    "accuracy": 0.8436317780580076,
    "precision": 0.8711181322320446,
    "recall": 0.8634324921613242,
    "f1": 0.8572572757099927
}