{
    "epoca": 25,
    "accuracy": 0.8421787709497207,
    "precision": 0.8597251690405645,
    "recall": 0.8494900965493969,
    "f1": 0.8490415831874772
}