{
    "epoca": 20,
    "accuracy": 0.8031496062992126,
    "precision": 0.7322304070268623,
    "recall": 0.7489830442914898,
    "f1": 0.7351163168163175
}