{
    "epoca": 29,
    "accuracy": 0.8310055865921788,
    "precision": 0.8373263780978336,
    "recall": 0.8395962611007179,
    "f1": 0.8330347608622862
}