{
    "epoca": 20,
    "accuracy": 0.8152562574493445,
    "precision": 0.8459141949592285,
    "recall": 0.7960980644745091,
    "f1": 0.8072384865759675
}