{
    "epoca": 12,
    "accuracy": 0.7087378640776699,
    "precision": 0.6489872319516043,
    "recall": 0.6504774066607001,
    "f1": 0.6448906818077503
}