{
    "epoca": 28,
    "accuracy": 0.42650918635170604,
    "precision": 0.4521260955602334,
    "recall": 0.4369004776446637,
    "f1": 0.4342051822414444
}