{
    "epoca": 31,
    "accuracy": 0.44710860366713684,
    "precision": 0.45366951968251723,
    "recall": 0.39803927919455256,
    "f1": 0.3954418221586489
}