{
    "epoca": 94,
    "accuracy": 0.48554913294797686,
    "precision": 0.5016732668750522,
    "recall": 0.5033012014223612,
    "f1": 0.49791060003241877
}