{
    "epoca": 38,
    "accuracy": 0.4868766404199475,
    "precision": 0.5428271821593841,
    "recall": 0.482758726449669,
    "f1": 0.49005588415900314
}