{
    "epoca": 41,
    "accuracy": 0.3994413407821229,
    "precision": 0.41611889428279925,
    "recall": 0.37666265807834937,
    "f1": 0.3827755732909005
}