{
    "epoca": 61,
    "accuracy": 0.4217207334273625,
    "precision": 0.4231686169239874,
    "recall": 0.3763925226923045,
    "f1": 0.3784231742855855
}