{
    "epoca": 47,
    "accuracy": 0.3300970873786408,
    "precision": 0.28316842438059214,
    "recall": 0.28078534635081054,
    "f1": 0.27433603531522877
}