{
    "epoca": 16,
    "accuracy": 0.3333333333333333,
    "precision": 0.3426956503135473,
    "recall": 0.27410176595890884,
    "f1": 0.2717474671659551
}