{
    "epoca": 42,
    "accuracy": 0.446693657219973,
    "precision": 0.3620715412849792,
    "recall": 0.3511746375317804,
    "f1": 0.33041848951124925
}