{
    "epoca": 94,
    "accuracy": 0.5157750342935528,
    "precision": 0.5434404759003295,
    "recall": 0.5171559593579833,
    "f1": 0.4995184155164905
}