{
    "epoca": 61,
    "accuracy": 0.5026246719160105,
    "precision": 0.4020114669574129,
    "recall": 0.4243848683842564,
    "f1": 0.39318746696176793
}