{
    "epoca": 38,
    "accuracy": 0.39927184466019416,
    "precision": 0.37960843044590564,
    "recall": 0.3335086033629806,
    "f1": 0.3405837897688373
}