{
    "epoca": 29,
    "accuracy": 0.4101508916323731,
    "precision": 0.5111122108361046,
    "recall": 0.40750349716916434,
    "f1": 0.41779312808704006
}