{
    "epoca": 24,
    "accuracy": 0.523121387283237,
    "precision": 0.4330778772101377,
    "recall": 0.4236676099060812,
    "f1": 0.41125692833242206
}