{
    "epoca": 86,
    "accuracy": 0.41025641025641024,
    "precision": 0.42426926172228707,
    "recall": 0.33830064820541017,
    "f1": 0.3363458141033349
}