{
    "epoca": 33,
    "accuracy": 0.3530895334174023,
    "precision": 0.2892069537758042,
    "recall": 0.3230892970913408,
    "f1": 0.2960713045689508
}