{
    "epoca": 72,
    "accuracy": 0.4171632896305125,
    "precision": 0.48332661051519094,
    "recall": 0.3606947767182455,
    "f1": 0.3727149533353679
}