{
    "epoca": 81,
    "accuracy": 0.5572625698324022,
    "precision": 0.573152354779422,
    "recall": 0.536477082477842,
    "f1": 0.5461437246078861
}