{
    "epoca": 17,
    "accuracy": 0.36416184971098264,
    "precision": 0.39438159964836256,
    "recall": 0.4036878269334296,
    "f1": 0.3909062553184753
}