{
    "epoca": 30,
    "accuracy": 0.36812411847672777,
    "precision": 0.3535653108697919,
    "recall": 0.33632861595373736,
    "f1": 0.3281522643172901
}