{
    "epoca": 57,
    "accuracy": 0.48748510131108463,
    "precision": 0.3859690801017717,
    "recall": 0.3974401370528032,
    "f1": 0.37567055871385535
}