{
    "epoca": 61,
    "accuracy": 0.45292014302741357,
    "precision": 0.4406742941649931,
    "recall": 0.3698377555388327,
    "f1": 0.3609956666758024
}