{
    "epoca": 87,
    "accuracy": 0.470873786407767,
    "precision": 0.49794499728397434,
    "recall": 0.43063620698387084,
    "f1": 0.4424639069575168
}