{
    "epoca": 67,
    "accuracy": 0.45285524568393093,
    "precision": 0.48679880617794735,
    "recall": 0.44547359749001425,
    "f1": 0.442410212127601
}