{
    "epoca": 57,
    "accuracy": 0.33731739707835323,
    "precision": 0.38423924166863455,
    "recall": 0.35048286941406037,
    "f1": 0.3540617310181834
}