{
    "epoca": 96,
    "accuracy": 0.46279949558638084,
    "precision": 0.5872289891919371,
    "recall": 0.5091846410954719,
    "f1": 0.4908500166564097
}