{
    "epoca": 20,
    "accuracy": 0.5924426450742241,
    "precision": 0.47719657507098256,
    "recall": 0.4743367575986623,
    "f1": 0.45858743236689464
}