{
    "epoca": 24,
    "accuracy": 0.6784203102961918,
    "precision": 0.6011687058879435,
    "recall": 0.6021151646862767,
    "f1": 0.5947668240000705
}