{
    "epoca": 25,
    "accuracy": 0.776536312849162,
    "precision": 0.7611312684222203,
    "recall": 0.7845360950470648,
    "f1": 0.7574718161182477
}