{
    "epoca": 21,
    "accuracy": 0.6727785613540197,
    "precision": 0.6640631918775683,
    "recall": 0.6318266602233569,
    "f1": 0.635640181896507
}