{
    "epoca": 18,
    "accuracy": 0.5997109826589595,
    "precision": 0.6416354617708467,
    "recall": 0.594217055869322,
    "f1": 0.5981988482400945
}