{
    "epoca": 13,
    "accuracy": 0.7067039106145251,
    "precision": 0.6835564949614227,
    "recall": 0.7161648974659729,
    "f1": 0.6799655463069827
}