{
    "epoca": 34,
    "accuracy": 0.7942386831275721,
    "precision": 0.8110492124962663,
    "recall": 0.7956360314558789,
    "f1": 0.7992252502337811
}