{
    "epoca": 10,
    "accuracy": 0.646746347941567,
    "precision": 0.5875280302527555,
    "recall": 0.6065893495275394,
    "f1": 0.5730030587865096
}