{
    "epoca": 10,
    "accuracy": 0.6575144508670521,
    "precision": 0.5968932425808486,
    "recall": 0.5649102913392724,
    "f1": 0.5603166237679872
}