{
    "epoca": 24,
    "accuracy": 0.6122177954847278,
    "precision": 0.47261352484420244,
    "recall": 0.5200877544453153,
    "f1": 0.4828408926530635
}