{
    "epoca": 20,
    "accuracy": 0.7332402234636871,
    "precision": 0.5842526511945445,
    "recall": 0.6025415482846337,
    "f1": 0.5897593708924611
}