{
    "epoca": 24,
    "accuracy": 0.6298543689320388,
    "precision": 0.6549377639296372,
    "recall": 0.6067244212308304,
    "f1": 0.6078019017631049
}