{
    "epoca": 15,
    "accuracy": 0.6982167352537723,
    "precision": 0.6984802259735099,
    "recall": 0.6540095964240951,
    "f1": 0.6678927495736359
}