{
    "epoca": 11,
    "accuracy": 0.699475065616798,
    "precision": 0.6277722400917546,
    "recall": 0.6353199851284307,
    "f1": 0.6189532850932509
}