{
    "epoca": 16,
    "accuracy": 0.6286127167630058,
    "precision": 0.5142738961306919,
    "recall": 0.5214332936856727,
    "f1": 0.5070171344191603
}