{
    "epoca": 24,
    "accuracy": 0.7366255144032922,
    "precision": 0.6006130495432188,
    "recall": 0.6041285423305662,
    "f1": 0.6000952389271901
}