{
    "epoca": 9,
    "accuracy": 0.7604035308953342,
    "precision": 0.7484008142081376,
    "recall": 0.7780915692405783,
    "f1": 0.7463657182217176
}