{
    "epoca": 11,
    "accuracy": 0.6758045292014303,
    "precision": 0.5339057102124356,
    "recall": 0.5522470725586144,
    "f1": 0.5366940272928302
}