{
    "epoca": 32,
    "accuracy": 0.7151370679380215,
    "precision": 0.7129992585450389,
    "recall": 0.662370962951315,
    "f1": 0.6732691191761107
}