{
    "epoca": 13,
    "accuracy": 0.5641025641025641,
    "precision": 0.57817396136798,
    "recall": 0.4946786000595525,
    "f1": 0.4787395374302051
}