{
    "epoca": 25,
    "accuracy": 0.7868852459016393,
    "precision": 0.7355662050404428,
    "recall": 0.7047211426784885,
    "f1": 0.7123277839751377
}