{
    "epoca": 23,
    "accuracy": 0.625,
    "precision": 0.5108454004698423,
    "recall": 0.5212607119465307,
    "f1": 0.5106033080998931
}