{
    "epoca": 2,
    "accuracy": 0.6440903054448871,
    "precision": 0.5470796392537983,
    "recall": 0.5457961904286548,
    "f1": 0.5125785785551805
}