{
    "epoca": 57,
    "accuracy": 0.7944514501891551,
    "precision": 0.727008324646282,
    "recall": 0.7110289956162462,
    "f1": 0.7149754653978212
}