{
    "epoca": 16,
    "accuracy": 0.6548556430446194,
    "precision": 0.5345987026218426,
    "recall": 0.5429056591443373,
    "f1": 0.5285231546640872
}