{
    "epoca": 9,
    "accuracy": 0.7139451728247914,
    "precision": 0.6436656133833727,
    "recall": 0.6010791346836634,
    "f1": 0.6012981582394125
}