{
    "epoca": 29,
    "accuracy": 0.6967559943582511,
    "precision": 0.6678161081605121,
    "recall": 0.6435136683808579,
    "f1": 0.6445874818581008
}