{
    "epoca": 14,
    "accuracy": 0.7318235995232419,
    "precision": 0.7627321547864953,
    "recall": 0.7199727445244781,
    "f1": 0.7282599478033269
}