{
    "epoca": 19,
    "accuracy": 0.7629255989911727,
    "precision": 0.7908053383211177,
    "recall": 0.7954996885869585,
    "f1": 0.7842981443661152
}