{
    "epoca": 11,
    "accuracy": 0.7737430167597765,
    "precision": 0.7683602382517464,
    "recall": 0.7311652996622673,
    "f1": 0.7401079568576227
}