{
    "epoca": 4,
    "accuracy": 0.6430635838150289,
    "precision": 0.66328964254714,
    "recall": 0.595809862261287,
    "f1": 0.6036453409619214
}