{
    "epoca": 20,
    "accuracy": 0.7997256515775034,
    "precision": 0.8124615584111631,
    "recall": 0.803937574948202,
    "f1": 0.8040868135370955
}