{
    "epoca": 24,
    "accuracy": 0.8069129916567342,
    "precision": 0.8247505309527747,
    "recall": 0.7823634734590391,
    "f1": 0.7901480345860945
}