{
    "epoca": 36,
    "accuracy": 0.7262569832402235,
    "precision": 0.5866198712446696,
    "recall": 0.599141185006635,
    "f1": 0.5864683220513468
}