{
    "epoca": 7,
    "accuracy": 0.6812749003984063,
    "precision": 0.6929156933104255,
    "recall": 0.6749469318816057,
    "f1": 0.6683876705968772
}