{
    "epoca": 20,
    "accuracy": 0.6626936829558999,
    "precision": 0.5498972536437522,
    "recall": 0.5454846704779875,
    "f1": 0.5353003515261291
}