{
    "epoca": 3,
    "accuracy": 0.7454068241469817,
    "precision": 0.6995096760138564,
    "recall": 0.6794392426332451,
    "f1": 0.6822500337322966
}