{
    "epoca": 8,
    "accuracy": 0.6732283464566929,
    "precision": 0.5531559529527955,
    "recall": 0.5614577396627579,
    "f1": 0.551802048304084
}