{
    "epoca": 24,
    "accuracy": 0.7334273624823695,
    "precision": 0.7750692415719218,
    "recall": 0.7526503332369383,
    "f1": 0.7597487791691669
}