{
    "epoca": 22,
    "accuracy": 0.6054913294797688,
    "precision": 0.502226131743266,
    "recall": 0.49138518673323944,
    "f1": 0.48324773934117093
}