{
    "epoca": 29,
    "accuracy": 0.6290550070521862,
    "precision": 0.5916919389286409,
    "recall": 0.5662923819629251,
    "f1": 0.567035636823459
}