{
    "epoca": 29,
    "accuracy": 0.6950067476383266,
    "precision": 0.6675166929492844,
    "recall": 0.6770745092649855,
    "f1": 0.6508544475054894
}