{
    "epoca": 14,
    "accuracy": 0.7919293820933165,
    "precision": 0.8096757103337652,
    "recall": 0.8232079851782801,
    "f1": 0.8121909832334563
}