{
    "epoca": 23,
    "accuracy": 0.6027742749054225,
    "precision": 0.47803219376284245,
    "recall": 0.5425280485743855,
    "f1": 0.5020922706252235
}