{
    "epoca": 11,
    "accuracy": 0.6856796116504854,
    "precision": 0.6557026252532994,
    "recall": 0.6132486320110396,
    "f1": 0.6095181276358062
}