{
    "epoca": 24,
    "accuracy": 0.6547144754316069,
    "precision": 0.5360176421375563,
    "recall": 0.5546422684392494,
    "f1": 0.5319854806907809
}