{
    "epoca": 17,
    "accuracy": 0.7795275590551181,
    "precision": 0.8277860473653889,
    "recall": 0.8318097595998453,
    "f1": 0.8143846965345365
}