{
    "epoca": 15,
    "accuracy": 0.7314439946018894,
    "precision": 0.7023761260673284,
    "recall": 0.6468223046794475,
    "f1": 0.6479884725520668
}