{
    "epoca": 24,
    "accuracy": 0.7782204515272244,
    "precision": 0.7994135484927493,
    "recall": 0.790757342687237,
    "f1": 0.7841567520491839
}