{
    "epoca": 4,
    "accuracy": 0.7325102880658436,
    "precision": 0.7683366891325327,
    "recall": 0.6980126586503029,
    "f1": 0.7131717983111623
}