{
    "epoca": 26,
    "accuracy": 0.6432038834951457,
    "precision": 0.6520061110023299,
    "recall": 0.5791379184101223,
    "f1": 0.5906230104138198
}