{
    "epoca": 37,
    "accuracy": 0.6941015089163237,
    "precision": 0.5699356086830544,
    "recall": 0.5710455556853608,
    "f1": 0.5659104957388871
}