{
    "epoca": 17,
    "accuracy": 0.8421787709497207,
    "precision": 0.8458755560699942,
    "recall": 0.7838115484222333,
    "f1": 0.8032391574418304
}