{
    "epoca": 45,
    "accuracy": 0.6477732793522267,
    "precision": 0.5349064855063717,
    "recall": 0.5232197599578552,
    "f1": 0.518114282670893
}