{
    "epoca": 8,
    "accuracy": 0.634393063583815,
    "precision": 0.644411052980949,
    "recall": 0.6177437040201471,
    "f1": 0.6054187798307793
}