{
    "epoca": 30,
    "accuracy": 0.6237864077669902,
    "precision": 0.5276489601747892,
    "recall": 0.5212427801469941,
    "f1": 0.5065908942324724
}