{
    "epoca": 28,
    "accuracy": 0.6215139442231076,
    "precision": 0.6185914438278612,
    "recall": 0.6145579381310862,
    "f1": 0.5959744872461257
}