{
    "epoca": 51,
    "accuracy": 0.5166002656042497,
    "precision": 0.4281667629531284,
    "recall": 0.4404098154656739,
    "f1": 0.4244308328366394
}