{
    "epoca": 27,
    "accuracy": 0.5599435825105783,
    "precision": 0.6550254490052233,
    "recall": 0.5358700593016966,
    "f1": 0.5665906793784582
}