{
    "epoca": 33,
    "accuracy": 0.696927374301676,
    "precision": 0.6770885287824459,
    "recall": 0.6667542470757547,
    "f1": 0.6687442031869076
}