{
    "epoca": 55,
    "accuracy": 0.5024271844660194,
    "precision": 0.4142225323285138,
    "recall": 0.4227229944074137,
    "f1": 0.4144688423371319
}