{
    "epoca": 45,
    "accuracy": 0.7174211248285323,
    "precision": 0.7377551375827238,
    "recall": 0.7485455366918018,
    "f1": 0.7345621371596023
}