{
    "epoca": 23,
    "accuracy": 0.5183727034120735,
    "precision": 0.44543408827790837,
    "recall": 0.43777778543139617,
    "f1": 0.4293684495017824
}