{
    "epoca": 6,
    "accuracy": 0.48559670781893005,
    "precision": 0.5146678038720893,
    "recall": 0.4895480863464372,
    "f1": 0.48832859085210245
}