{
    "epoca": 32,
    "accuracy": 0.6269368295589988,
    "precision": 0.6699087513244801,
    "recall": 0.6256907793528204,
    "f1": 0.6299704773851278
}