{
    "epoca": 33,
    "accuracy": 0.47233468286099867,
    "precision": 0.3785336088938528,
    "recall": 0.378043713781809,
    "f1": 0.37523167426135745
}