{
    "epoca": 36,
    "accuracy": 0.4936530324400564,
    "precision": 0.46897213165591695,
    "recall": 0.46079698474189407,
    "f1": 0.4574613329299733
}