{
    "epoca": 27,
    "accuracy": 0.5423122765196663,
    "precision": 0.5298528279066141,
    "recall": 0.4631884700679024,
    "f1": 0.4576697144578401
}