{
    "epoca": 32,
    "accuracy": 0.5132408575031526,
    "precision": 0.41591015009089094,
    "recall": 0.4539442614303309,
    "f1": 0.4206526965879391
}