{
    "epoca": 24,
    "accuracy": 0.5245664739884393,
    "precision": 0.5130852346768477,
    "recall": 0.5238306077305233,
    "f1": 0.5027856198754117
}