{
    "epoca": 47,
    "accuracy": 0.6089385474860335,
    "precision": 0.587351228706921,
    "recall": 0.5612661259280615,
    "f1": 0.5690256970870344
}