{
    "epoca": 38,
    "accuracy": 0.6153846153846154,
    "precision": 0.6252357084408411,
    "recall": 0.6130610527039098,
    "f1": 0.6113855641296762
}