{
    "epoca": 56,
    "accuracy": 0.694829760403531,
    "precision": 0.7345173154156839,
    "recall": 0.7241895558672925,
    "f1": 0.7180877476309446
}