{
    "epoca": 33,
    "accuracy": 0.5861650485436893,
    "precision": 0.6104211127814605,
    "recall": 0.5257110303236405,
    "f1": 0.5430500248021559
}