{
    "epoca": 39,
    "accuracy": 0.6706036745406824,
    "precision": 0.7322372755923522,
    "recall": 0.7088033605861024,
    "f1": 0.7029916285553517
}