{
    "epoca": 23,
    "accuracy": 0.5895953757225434,
    "precision": 0.648224196765668,
    "recall": 0.6023914274172484,
    "f1": 0.6143301894448798
}