{
    "epoca": 16,
    "accuracy": 0.4762569832402235,
    "precision": 0.41840212444560265,
    "recall": 0.3866490781145286,
    "f1": 0.3767221817282133
}