{
    "epoca": 38,
    "accuracy": 0.4634794156706507,
    "precision": 0.404698190175362,
    "recall": 0.39564951070655785,
    "f1": 0.38563516740536036
}