{
    "epoca": 6,
    "accuracy": 0.4252400548696845,
    "precision": 0.4081905217324633,
    "recall": 0.34419497123732506,
    "f1": 0.33764561171258733
}