{
    "epoca": 86,
    "accuracy": 0.47414880201765447,
    "precision": 0.4001601170423889,
    "recall": 0.41868453347306184,
    "f1": 0.4020979305279491
}