{
    "epoca": 45,
    "accuracy": 0.6653171390013495,
    "precision": 0.6673559231113797,
    "recall": 0.6128019652305368,
    "f1": 0.6252339410504671
}