{
    "epoca": 16,
    "accuracy": 0.7625698324022346,
    "precision": 0.730188675903566,
    "recall": 0.7169506454968991,
    "f1": 0.7211323146746123
}