{
    "epoca": 15,
    "accuracy": 0.6213592233009708,
    "precision": 0.5237490447511688,
    "recall": 0.5314152939728108,
    "f1": 0.5198540337057944
}