{
    "epoca": 16,
    "accuracy": 0.688293370944993,
    "precision": 0.6812222006469169,
    "recall": 0.6842303409303125,
    "f1": 0.6777683516936932
}