{
    "epoca": 40,
    "accuracy": 0.5388349514563107,
    "precision": 0.44129655740508167,
    "recall": 0.44904400932608046,
    "f1": 0.4397100229401742
}