{
    "epoca": 16,
    "accuracy": 0.6640106241699867,
    "precision": 0.6462352140320897,
    "recall": 0.651216024514269,
    "f1": 0.6244996153170932
}