{
    "epoca": 6,
    "accuracy": 0.6242774566473989,
    "precision": 0.7278896546550196,
    "recall": 0.6154076413578389,
    "f1": 0.6129455120242248
}