{
    "epoca": 14,
    "accuracy": 0.7414698162729659,
    "precision": 0.7821215427426598,
    "recall": 0.7963085397308164,
    "f1": 0.7830200014881809
}