{
    "epoca": 52,
    "accuracy": 0.5384615384615384,
    "precision": 0.43865520827312177,
    "recall": 0.4455560709132138,
    "f1": 0.4384179795901818
}