{
    "epoca": 19,
    "accuracy": 0.5879888268156425,
    "precision": 0.46934335573156255,
    "recall": 0.4852633166977826,
    "f1": 0.47332541374542725
}