{
    "epoca": 7,
    "accuracy": 0.5679190751445087,
    "precision": 0.5717346485566478,
    "recall": 0.559414966119061,
    "f1": 0.556147444810764
}