{
    "epoca": 22,
    "accuracy": 0.5133991537376587,
    "precision": 0.4803712453303393,
    "recall": 0.46990887847317986,
    "f1": 0.4655306405800397
}