{
    "epoca": 18,
    "accuracy": 0.569364161849711,
    "precision": 0.4779991451885297,
    "recall": 0.45979216581960725,
    "f1": 0.45474784366532894
}