{
    "epoca": 19,
    "accuracy": 0.7377830750893921,
    "precision": 0.7684120386669157,
    "recall": 0.7182182278327416,
    "f1": 0.7242510781580872
}