{
    "epoca": 32,
    "accuracy": 0.6049382716049383,
    "precision": 0.5025574269155704,
    "recall": 0.49457320365791135,
    "f1": 0.49022460107895627
}