{
    "epoca": 21,
    "accuracy": 0.7490542244640606,
    "precision": 0.7740461298329593,
    "recall": 0.7801882390520494,
    "f1": 0.7688227922544328
}