{
    "epoca": 20,
    "accuracy": 0.7229080932784636,
    "precision": 0.7423733347754382,
    "recall": 0.7268317260391959,
    "f1": 0.7242332439214729
}