{
    "epoca": 35,
    "accuracy": 0.5372005044136192,
    "precision": 0.43586739060624236,
    "recall": 0.4751222267918781,
    "f1": 0.4462696906009274
}