{
    "epoca": 35,
    "accuracy": 0.5905511811023622,
    "precision": 0.4788644572755179,
    "recall": 0.4959846957068499,
    "f1": 0.4793168229941892
}