{
    "epoca": 22,
    "accuracy": 0.6909581646423751,
    "precision": 0.6971522278355605,
    "recall": 0.6760594951785428,
    "f1": 0.6754122702382893
}