{
    "epoca": 27,
    "accuracy": 0.5494636471990465,
    "precision": 0.4316240590529016,
    "recall": 0.4476690459342791,
    "f1": 0.4340194082157682
}