{
    "epoca": 19,
    "accuracy": 0.5644090305444888,
    "precision": 0.4656067968815538,
    "recall": 0.47909910972050207,
    "f1": 0.464821220762774
}