{
    "epoca": 42,
    "accuracy": 0.6424870466321243,
    "precision": 0.6434778184778185,
    "recall": 0.6425480769230769,
    "f1": 0.6416322450442294
}