{
    "epoca": 19,
    "accuracy": 0.7395833333333334,
    "precision": 0.7414843707167305,
    "recall": 0.7389588420838421,
    "f1": 0.7377516370020119
}