{
    "epoca": 25,
    "accuracy": 0.6580310880829016,
    "precision": 0.6559032952475575,
    "recall": 0.6586538461538461,
    "f1": 0.656980056980057
}