{
    "epoca": 11,
    "accuracy": 0.6735751295336787,
    "precision": 0.6867864104706211,
    "recall": 0.6734775641025642,
    "f1": 0.6769769988632417
}