{
    "epoca": 27,
    "accuracy": 0.7461139896373057,
    "precision": 0.7565519378899661,
    "recall": 0.7462339743589744,
    "f1": 0.7496229260935143
}