{
    "epoca": 21,
    "accuracy": 0.6683937823834197,
    "precision": 0.6663150492264417,
    "recall": 0.6696314102564104,
    "f1": 0.6616952369164758
}