{
    "epoca": 44,
    "accuracy": 0.6632124352331606,
    "precision": 0.6791198443740818,
    "recall": 0.6632211538461538,
    "f1": 0.6679458752629484
}