{
    "epoca": 7,
    "accuracy": 0.6335078534031413,
    "precision": 0.6485035960537666,
    "recall": 0.6328856328856328,
    "f1": 0.6322244012859243
}