{
    "epoca": 20,
    "accuracy": 0.6217616580310881,
    "precision": 0.6155348941872002,
    "recall": 0.6227564102564103,
    "f1": 0.6170198719218326
}