{
    "epoca": 24,
    "accuracy": 0.6963350785340314,
    "precision": 0.70593932748538,
    "recall": 0.6970288970288969,
    "f1": 0.7001903984768122
}