{
    "epoca": 4,
    "accuracy": 0.5803108808290155,
    "precision": 0.5842289010321797,
    "recall": 0.5806089743589743,
    "f1": 0.5813725490196079
}