{
    "epoca": 11,
    "accuracy": 0.6580310880829016,
    "precision": 0.6585321702926835,
    "recall": 0.6587339743589743,
    "f1": 0.6581370311167244
}