{
    "epoca": 25,
    "accuracy": 0.6217616580310881,
    "precision": 0.6090245174752217,
    "recall": 0.6229967948717948,
    "f1": 0.6120299327460452
}