{
    "epoca": 1,
    "accuracy": 0.6424870466321243,
    "precision": 0.6375130037920737,
    "recall": 0.6436698717948718,
    "f1": 0.6285516285516285
}