{
    "epoca": 11,
    "accuracy": 0.7150259067357513,
    "precision": 0.7319760641914864,
    "recall": 0.7158653846153845,
    "f1": 0.7142236595201021
}