{
    "epoca": 26,
    "accuracy": 0.671875,
    "precision": 0.6717214750675509,
    "recall": 0.6714781746031746,
    "f1": 0.6712327195987277
}