{
    "epoca": 9,
    "accuracy": 0.694300518134715,
    "precision": 0.6974664679582712,
    "recall": 0.6947115384615384,
    "f1": 0.6958700332746135
}