{
    "epoca": 10,
    "accuracy": 0.7512953367875648,
    "precision": 0.7539158212340279,
    "recall": 0.7520032051282052,
    "f1": 0.751546138168529
}