{
    "epoca": 43,
    "accuracy": 0.7640449438202247,
    "precision": 0.7704475308641975,
    "recall": 0.7651340996168582,
    "f1": 0.7671530977982591
}