{
    "epoca": 33,
    "accuracy": 0.75,
    "precision": 0.7619455769705955,
    "recall": 0.7502772690272691,
    "f1": 0.7546767519397947
}