{
    "epoca": 37,
    "accuracy": 0.6666666666666666,
    "precision": 0.6835759897828863,
    "recall": 0.6666666666666666,
    "f1": 0.6712549221023797
}