{
    "epoca": 30,
    "accuracy": 0.7512953367875648,
    "precision": 0.7497102169233316,
    "recall": 0.7518429487179487,
    "f1": 0.7504273504273504
}