{
    "epoca": 6,
    "accuracy": 0.7222222222222222,
    "precision": 0.7506944444444444,
    "recall": 0.7222222222222222,
    "f1": 0.7177035330261137
}