{
    "epoca": 14,
    "accuracy": 0.6741573033707865,
    "precision": 0.6849673202614378,
    "recall": 0.6743295019157087,
    "f1": 0.6767462763225476
}