{
    "epoca": 32,
    "accuracy": 0.7,
    "precision": 0.7117624223602484,
    "recall": 0.7000000000000001,
    "f1": 0.7003605037689029
}