{
    "epoca": 25,
    "accuracy": 0.689119170984456,
    "precision": 0.7083825189485567,
    "recall": 0.6892628205128205,
    "f1": 0.6953204418320698
}