{
    "epoca": 18,
    "accuracy": 0.7512953367875648,
    "precision": 0.7507529507529508,
    "recall": 0.7517628205128205,
    "f1": 0.7512255511889278
}