{
    "epoca": 30,
    "accuracy": 0.743455497382199,
    "precision": 0.7533562695957747,
    "recall": 0.7435083435083435,
    "f1": 0.7466627694556083
}