{
    "epoca": 19,
    "accuracy": 0.7068062827225131,
    "precision": 0.7399659429544486,
    "recall": 0.7061457061457062,
    "f1": 0.7133102971482105
}