{
    "epoca": 18,
    "accuracy": 0.7253886010362695,
    "precision": 0.7498412698412699,
    "recall": 0.7254807692307693,
    "f1": 0.7318418835097856
}