{
    "epoca": 25,
    "accuracy": 0.7111111111111111,
    "precision": 0.7101965146459029,
    "recall": 0.7111111111111111,
    "f1": 0.7105121793090673
}