{
    "epoca": 42,
    "accuracy": 0.7979274611398963,
    "precision": 0.7988998371118053,
    "recall": 0.7986378205128205,
    "f1": 0.7965758348652033
}