{
    "epoca": 81,
    "accuracy": 0.772020725388601,
    "precision": 0.7776240953838595,
    "recall": 0.7725961538461538,
    "f1": 0.7742548992869916
}