{
    "epoca": 14,
    "accuracy": 0.6444444444444445,
    "precision": 0.6434062538623162,
    "recall": 0.6444444444444444,
    "f1": 0.6438146398690994
}