{
    "epoca": 24,
    "accuracy": 0.78125,
    "precision": 0.7894550492610838,
    "recall": 0.7812894281644281,
    "f1": 0.7843026452294556
}