{
    "epoca": 5,
    "accuracy": 0.6839378238341969,
    "precision": 0.7199266796861616,
    "recall": 0.6833333333333332,
    "f1": 0.6873920233522953
}