{
    "epoca": 15,
    "accuracy": 0.7098445595854922,
    "precision": 0.7200766283524903,
    "recall": 0.7100160256410257,
    "f1": 0.7131374178439224
}