{
    "epoca": 20,
    "accuracy": 0.7098445595854922,
    "precision": 0.7218306615072785,
    "recall": 0.7100961538461538,
    "f1": 0.7134075569024803
}