{
    "epoca": 19,
    "accuracy": 0.8177083333333334,
    "precision": 0.8256447493099328,
    "recall": 0.8183239214489215,
    "f1": 0.8199229650027808
}