{
    "epoca": 13,
    "accuracy": 0.6888888888888889,
    "precision": 0.7046296296296296,
    "recall": 0.6888888888888888,
    "f1": 0.6921436588103255
}