{
    "epoca": 15,
    "accuracy": 0.7,
    "precision": 0.6947115384615384,
    "recall": 0.7000000000000001,
    "f1": 0.6958525345622121
}