{
    "epoca": 61,
    "accuracy": 0.7927461139896373,
    "precision": 0.8052458401855853,
    "recall": 0.7928685897435898,
    "f1": 0.7956624845169736
}