{
    "epoca": 20,
    "accuracy": 0.7409326424870466,
    "precision": 0.7396086369770579,
    "recall": 0.7419871794871794,
    "f1": 0.736454931803769
}