{
    "epoca": 11,
    "accuracy": 0.7253886010362695,
    "precision": 0.7329134802819013,
    "recall": 0.7270833333333333,
    "f1": 0.7104506341354387
}