{
    "epoca": 32,
    "accuracy": 0.7666666666666667,
    "precision": 0.7743463433118606,
    "recall": 0.7666666666666666,
    "f1": 0.7675079158130006
}