{
    "epoca": 20,
    "accuracy": 0.7616580310880829,
    "precision": 0.7725436650167833,
    "recall": 0.7622596153846154,
    "f1": 0.7630055979749737
}