{
    "epoca": 23,
    "accuracy": 0.8229166666666666,
    "precision": 0.8229166666666666,
    "recall": 0.8232066544566544,
    "f1": 0.8230298429266109
}