{
    "epoca": 25,
    "accuracy": 0.7415730337078652,
    "precision": 0.7527336860670193,
    "recall": 0.7417624521072796,
    "f1": 0.7437865497076023
}