{
    "epoca": 35,
    "accuracy": 0.7444444444444445,
    "precision": 0.7572691676139952,
    "recall": 0.7444444444444445,
    "f1": 0.7480381200720183
}