{
    "epoca": 81,
    "accuracy": 0.6354166666666666,
    "precision": 0.6309915059141065,
    "recall": 0.6368907712657713,
    "f1": 0.6297694803259236
}