{
    "epoca": 38,
    "accuracy": 0.5492227979274611,
    "precision": 0.5893147502903601,
    "recall": 0.5497596153846154,
    "f1": 0.5554299243796961
}