{
    "epoca": 15,
    "accuracy": 0.4111111111111111,
    "precision": 0.39855940664669803,
    "recall": 0.41111111111111115,
    "f1": 0.3977611701957778
}