{
    "epoca": 4,
    "accuracy": 0.5111111111111111,
    "precision": 0.5173766652027522,
    "recall": 0.5111111111111111,
    "f1": 0.4998613126915014
}