{
    "epoca": 46,
    "accuracy": 0.5968586387434555,
    "precision": 0.618402533427164,
    "recall": 0.5986161986161986,
    "f1": 0.5998907693158564
}