{
    "epoca": 38,
    "accuracy": 0.5958549222797928,
    "precision": 0.6111447969018116,
    "recall": 0.5958333333333333,
    "f1": 0.5972487229297072
}