{
    "epoca": 16,
    "accuracy": 0.5492227979274611,
    "precision": 0.5691176470588236,
    "recall": 0.5487980769230769,
    "f1": 0.5512698412698412
}