{
    "epoca": 29,
    "accuracy": 0.651685393258427,
    "precision": 0.6608058608058608,
    "recall": 0.6528735632183907,
    "f1": 0.6545626887732151
}