{
    "epoca": 13,
    "accuracy": 0.4777777777777778,
    "precision": 0.48197637292464873,
    "recall": 0.4777777777777778,
    "f1": 0.4624285597314337
}