{
    "epoca": 6,
    "accuracy": 0.449438202247191,
    "precision": 0.49030793767635866,
    "recall": 0.4486590038314176,
    "f1": 0.45434822577679723
}