{
    "epoca": 11,
    "accuracy": 0.6,
    "precision": 0.5966739353836128,
    "recall": 0.6,
    "f1": 0.596821059935814
}