{
    "epoca": 23,
    "accuracy": 0.5888888888888889,
    "precision": 0.576804915514593,
    "recall": 0.5888888888888889,
    "f1": 0.5794217925365467
}