{
    "epoca": 8,
    "accuracy": 0.5729166666666666,
    "precision": 0.5768875548372201,
    "recall": 0.5725923382173382,
    "f1": 0.5741702534672405
}