{
    "epoca": 14,
    "accuracy": 0.515625,
    "precision": 0.547387037725202,
    "recall": 0.5153807997557998,
    "f1": 0.5236223536737236
}