{
    "epoca": 94,
    "accuracy": 0.6,
    "precision": 0.5968115292712067,
    "recall": 0.6,
    "f1": 0.5976138124263594
}