{
    "epoca": 58,
    "accuracy": 0.5364583333333334,
    "precision": 0.5587843439520476,
    "recall": 0.5357982295482295,
    "f1": 0.5438123244111018
}