{
    "epoca": 4,
    "accuracy": 0.47668393782383417,
    "precision": 0.48565569536560677,
    "recall": 0.47700320512820515,
    "f1": 0.47891963109354413
}