{
    "epoca": 16,
    "accuracy": 0.4444444444444444,
    "precision": 0.4538224121557455,
    "recall": 0.4444444444444445,
    "f1": 0.444472695426166
}