{
    "epoca": 62,
    "accuracy": 0.5544041450777202,
    "precision": 0.5596888070702583,
    "recall": 0.5556891025641025,
    "f1": 0.5481210961842239
}