{
    "epoca": 47,
    "accuracy": 0.4,
    "precision": 0.412166918049271,
    "recall": 0.4000000000000001,
    "f1": 0.4048611111111111
}