{
    "epoca": 8,
    "accuracy": 0.49222797927461137,
    "precision": 0.5075973409306743,
    "recall": 0.49214743589743587,
    "f1": 0.495883300064506
}