{
    "epoca": 14,
    "accuracy": 0.538860103626943,
    "precision": 0.5661464139725009,
    "recall": 0.5390224358974359,
    "f1": 0.5453704190546297
}