{
    "epoca": 12,
    "accuracy": 0.5130890052356021,
    "precision": 0.5284792014376684,
    "recall": 0.5137973137973139,
    "f1": 0.5181111983939949
}