{
    "epoca": 11,
    "accuracy": 0.5056179775280899,
    "precision": 0.5101851851851852,
    "recall": 0.5042145593869732,
    "f1": 0.5001818271168116
}