{
    "epoca": 18,
    "accuracy": 0.4777777777777778,
    "precision": 0.4902969790066565,
    "recall": 0.4777777777777778,
    "f1": 0.48103622748431496
}