{
    "epoca": 7,
    "accuracy": 0.6333333333333333,
    "precision": 0.6707317073170732,
    "recall": 0.6333333333333333,
    "f1": 0.6393737679627461
}