{
    "epoca": 10,
    "accuracy": 0.46632124352331605,
    "precision": 0.4942518421839737,
    "recall": 0.46642628205128206,
    "f1": 0.47354417454085224
}