{
    "epoca": 27,
    "accuracy": 0.6666666666666666,
    "precision": 0.6825281803542674,
    "recall": 0.6666666666666666,
    "f1": 0.666326192840592
}