{
    "epoca": 23,
    "accuracy": 0.5958549222797928,
    "precision": 0.6385533071579584,
    "recall": 0.5958333333333333,
    "f1": 0.6050262393108783
}