{
    "epoca": 34,
    "accuracy": 0.5888888888888889,
    "precision": 0.5821759259259259,
    "recall": 0.5888888888888889,
    "f1": 0.5802566609018222
}