{
    "epoca": 23,
    "accuracy": 0.5958549222797928,
    "precision": 0.6174742332830568,
    "recall": 0.5959935897435897,
    "f1": 0.6022948971318537
}