{
    "epoca": 22,
    "accuracy": 0.5777777777777777,
    "precision": 0.5808058336423186,
    "recall": 0.5777777777777777,
    "f1": 0.5791824889629836
}