{
    "epoca": 16,
    "accuracy": 0.29213483146067415,
    "precision": 0.3031855500821018,
    "recall": 0.2934865900383142,
    "f1": 0.29695301559708337
}