{
    "epoca": 4,
    "accuracy": 0.5280898876404494,
    "precision": 0.5599894291754757,
    "recall": 0.5275862068965517,
    "f1": 0.5325752827767333
}