{
    "epoca": 26,
    "accuracy": 0.4666666666666667,
    "precision": 0.47358550039401104,
    "recall": 0.4666666666666666,
    "f1": 0.45559163059163055
}