{
    "epoca": 10,
    "accuracy": 0.46113989637305697,
    "precision": 0.47092366757000903,
    "recall": 0.46105769230769234,
    "f1": 0.46122136518649454
}