{
    "epoca": 11,
    "accuracy": 0.6292134831460674,
    "precision": 0.6473932571493547,
    "recall": 0.6275862068965518,
    "f1": 0.6276745439960022
}