{
    "epoca": 14,
    "accuracy": 0.47668393782383417,
    "precision": 0.5027299744280876,
    "recall": 0.47652243589743587,
    "f1": 0.4814436628595921
}