{
    "epoca": 47,
    "accuracy": 0.6269430051813472,
    "precision": 0.6367062040894204,
    "recall": 0.6278044871794872,
    "f1": 0.6265959603747776
}