{
    "epoca": 24,
    "accuracy": 0.5492227979274611,
    "precision": 0.5822764253615318,
    "recall": 0.549599358974359,
    "f1": 0.558998859221011
}