{
    "epoca": 5,
    "accuracy": 0.6837270341207349,
    "precision": 0.7003620597038891,
    "recall": 0.6514495873816559,
    "f1": 0.6566372334653365
}