{
    "epoca": 7,
    "accuracy": 0.5883940620782726,
    "precision": 0.5724134039559299,
    "recall": 0.5264385579147483,
    "f1": 0.49106185611191194
}