{
    "epoca": 35,
    "accuracy": 0.616361071932299,
    "precision": 0.5843987325330364,
    "recall": 0.5531148494185726,
    "f1": 0.5565896272000044
}