{
    "epoca": 13,
    "accuracy": 0.5898058252427184,
    "precision": 0.5072903239598308,
    "recall": 0.5067513318270419,
    "f1": 0.5031798885991032
}