{
    "epoca": 8,
    "accuracy": 0.7225433526011561,
    "precision": 0.8047528317627359,
    "recall": 0.7058177751171937,
    "f1": 0.7103111665137987
}