{
    "epoca": 22,
    "accuracy": 0.8104886769964244,
    "precision": 0.7140214408573382,
    "recall": 0.691042013616194,
    "f1": 0.6941406152118886
}