{
    "epoca": 5,
    "accuracy": 0.7905027932960894,
    "precision": 0.7838204630105501,
    "recall": 0.7063405209749103,
    "f1": 0.7192915962490621
}