{
    "epoca": 17,
    "accuracy": 0.7556615017878426,
    "precision": 0.7702376449741142,
    "recall": 0.725562904746449,
    "f1": 0.7334396720298362
}