{
    "epoca": 9,
    "accuracy": 0.7716535433070866,
    "precision": 0.7997239930010279,
    "recall": 0.818984456678459,
    "f1": 0.7962415250073756
}