{
    "epoca": 13,
    "accuracy": 0.8353253652058433,
    "precision": 0.8374674076290995,
    "recall": 0.8508809181390642,
    "f1": 0.8399553511477924
}