{
    "epoca": 20,
    "accuracy": 0.8259109311740891,
    "precision": 0.8313776626937693,
    "recall": 0.8197727043679425,
    "f1": 0.8164237922585731
}