{
    "epoca": 15,
    "accuracy": 0.7135922330097088,
    "precision": 0.6435860125640639,
    "recall": 0.6453549572836959,
    "f1": 0.6367861788907656
}