{
    "epoca": 13,
    "accuracy": 0.7050970873786407,
    "precision": 0.7103293768144103,
    "recall": 0.7211239940742047,
    "f1": 0.7038124652512624
}