{
    "epoca": 23,
    "accuracy": 0.8203017832647462,
    "precision": 0.7250513321632959,
    "recall": 0.7388356386805325,
    "f1": 0.7263638733307989
}