{
    "epoca": 22,
    "accuracy": 0.7138728323699421,
    "precision": 0.6580425534749563,
    "recall": 0.6336364055587661,
    "f1": 0.620223619285762
}