{
    "epoca": 15,
    "accuracy": 0.8124118476727785,
    "precision": 0.8282307711889919,
    "recall": 0.7989182012272908,
    "f1": 0.8080931571020533
}