{
    "epoca": 7,
    "accuracy": 0.8128491620111732,
    "precision": 0.6514585564345856,
    "recall": 0.6660582513600739,
    "f1": 0.6545439731787084
}