{
    "epoca": 25,
    "accuracy": 0.7104913678618858,
    "precision": 0.7028673942073281,
    "recall": 0.6831580588767382,
    "f1": 0.6744993523140097
}