{
    "epoca": 15,
    "accuracy": 0.7376586741889986,
    "precision": 0.7154284814749413,
    "recall": 0.7508647686112123,
    "f1": 0.7189228554558463
}