{
    "epoca": 31,
    "accuracy": 0.7152496626180836,
    "precision": 0.6868147144539509,
    "recall": 0.7197131061178681,
    "f1": 0.6984150285944883
}