{
    "epoca": 13,
    "accuracy": 0.8559670781893004,
    "precision": 0.8862973132984766,
    "recall": 0.8650458704312218,
    "f1": 0.8691744005239841
}