{
    "epoca": 9,
    "accuracy": 0.776796973518285,
    "precision": 0.6364086706336005,
    "recall": 0.6930445634864257,
    "f1": 0.651061029871511
}