{
    "epoca": 7,
    "accuracy": 0.7716535433070866,
    "precision": 0.7891707857139034,
    "recall": 0.8172392476964081,
    "f1": 0.794382390069726
}