{
    "epoca": 17,
    "accuracy": 0.8751576292559899,
    "precision": 0.8915468614328612,
    "recall": 0.8895478485417427,
    "f1": 0.8883754802811028
}