{
    "epoca": 40,
    "accuracy": 0.8087649402390438,
    "precision": 0.8229089022881071,
    "recall": 0.8262767369256846,
    "f1": 0.8162044392621279
}