{
    "epoca": 36,
    "accuracy": 0.7477931904161412,
    "precision": 0.77687600302215,
    "recall": 0.7826239934114606,
    "f1": 0.7716835621525484
}