{
    "epoca": 14,
    "accuracy": 0.831942789034565,
    "precision": 0.843465093764142,
    "recall": 0.8103224722879571,
    "f1": 0.8125864684411017
}