{
    "epoca": 17,
    "accuracy": 0.7690288713910761,
    "precision": 0.7143498649568738,
    "recall": 0.7245830264526715,
    "f1": 0.7065987872498422
}