{
    "epoca": 43,
    "accuracy": 0.7557354925775979,
    "precision": 0.6667442958280907,
    "recall": 0.7051048810096429,
    "f1": 0.6764125318169787
}