{
    "epoca": 7,
    "accuracy": 0.7616209773539928,
    "precision": 0.6084779776867398,
    "recall": 0.6293005714485391,
    "f1": 0.6137808285509113
}