{
    "epoca": 7,
    "accuracy": 0.6459537572254336,
    "precision": 0.5380477055174822,
    "recall": 0.5222163067272148,
    "f1": 0.5066916852183542
}