{
    "epoca": 19,
    "accuracy": 0.776796973518285,
    "precision": 0.6390321770700638,
    "recall": 0.6905746282950772,
    "f1": 0.6561973545609416
}