{
    "epoca": 19,
    "accuracy": 0.7948717948717948,
    "precision": 0.8172337367176601,
    "recall": 0.7822575299480061,
    "f1": 0.7946039777779297
}