{
    "epoca": 37,
    "accuracy": 0.6601941747572816,
    "precision": 0.5953072610978133,
    "recall": 0.6074466332579244,
    "f1": 0.5988542762363266
}