{
    "epoca": 10,
    "accuracy": 0.8092967818831943,
    "precision": 0.8378710977369513,
    "recall": 0.784771427208254,
    "f1": 0.787242615660836
}