{
    "epoca": 8,
    "accuracy": 0.6298543689320388,
    "precision": 0.6358558799662843,
    "recall": 0.5359021865356637,
    "f1": 0.533540723992624
}