{
    "epoca": 14,
    "accuracy": 0.691114245416079,
    "precision": 0.6185405282070034,
    "recall": 0.6313016077635233,
    "f1": 0.6219142572511518
}