{
    "epoca": 17,
    "accuracy": 0.8285322359396433,
    "precision": 0.8624158788776096,
    "recall": 0.8034303068735559,
    "f1": 0.8179398675071378
}