{
    "epoca": 7,
    "accuracy": 0.7572178477690289,
    "precision": 0.7881431495572846,
    "recall": 0.7471148663884283,
    "f1": 0.7511845247475104
}