{
    "epoca": 24,
    "accuracy": 0.7729083665338645,
    "precision": 0.625202773287729,
    "recall": 0.6479978474647812,
    "f1": 0.6268588512982701
}