{
    "epoca": 9,
    "accuracy": 0.7905027932960894,
    "precision": 0.7336693296601544,
    "recall": 0.7301483286392274,
    "f1": 0.724720837751268
}