{
    "epoca": 13,
    "accuracy": 0.7942386831275721,
    "precision": 0.6465025164101995,
    "recall": 0.6528178659587954,
    "f1": 0.6464286349744934
}