{
    "epoca": 10,
    "accuracy": 0.7401574803149606,
    "precision": 0.6012968442749415,
    "recall": 0.6157745332323057,
    "f1": 0.5985893955239621
}