{
    "epoca": 12,
    "accuracy": 0.7291960507757405,
    "precision": 0.7792346465880751,
    "recall": 0.7228917696536823,
    "f1": 0.742509625995401
}