{
    "epoca": 4,
    "accuracy": 0.6329479768786127,
    "precision": 0.6471322404145713,
    "recall": 0.577767716855059,
    "f1": 0.5762604424395164
}