{
    "epoca": 19,
    "accuracy": 0.7755644090305445,
    "precision": 0.8119572797963643,
    "recall": 0.7582172786520273,
    "f1": 0.75583060013867
}