{
    "epoca": 15,
    "accuracy": 0.7125506072874493,
    "precision": 0.5523806138140367,
    "recall": 0.5711575505623124,
    "f1": 0.5503885688229755
}