{
    "epoca": 12,
    "accuracy": 0.7932960893854749,
    "precision": 0.6311731401403992,
    "recall": 0.6521033849755946,
    "f1": 0.6384461870228961
}