{
    "epoca": 10,
    "accuracy": 0.8814627994955864,
    "precision": 0.895404806171373,
    "recall": 0.8912962354619541,
    "f1": 0.8900531363543978
}