{
    "accuracy": 0.5958005249343832,
    "precision": 0.47663399867408385,
    "recall": 0.5010134736064968,
    "f1": 0.47461211716960944
}