{
    "accuracy": 0.6733921815889029,
    "precision": 0.5553596917827756,
    "recall": 0.5968395054677259,
    "f1": 0.566104280973392
}