{
    "accuracy": 0.5721096543504172,
    "precision": 0.476370815450589,
    "recall": 0.46685982975101614,
    "f1": 0.44194263008750195
}