{
    "accuracy": 0.5654520917678812,
    "precision": 0.4309579881635246,
    "recall": 0.4530154721821389,
    "f1": 0.4234918433036311
}