{
    "accuracy": 0.5388349514563107,
    "precision": 0.44293223786079683,
    "recall": 0.4505044005131861,
    "f1": 0.4309870457313371
}