{
    "accuracy": 0.5853314527503526,
    "precision": 0.5668229857988362,
    "recall": 0.5283485368094545,
    "f1": 0.5296489083104213
}