{
    "accuracy": 0.5982658959537572,
    "precision": 0.46018390280538135,
    "recall": 0.5042081850987197,
    "f1": 0.47484517257893427
}