{
    "accuracy": 0.5776892430278885,
    "precision": 0.462973867116662,
    "recall": 0.49453567431500833,
    "f1": 0.4739230111065654
}