{
    "accuracy": 0.5997375328083989,
    "precision": 0.4626302681250426,
    "recall": 0.5030483008083987,
    "f1": 0.4664655939764624
}