{
    "epoca": 45,
    "accuracy": 0.6482939632545932,
    "precision": 0.5157796256210927,
    "recall": 0.5435137014488299,
    "f1": 0.5145056875522755
}