{
    "epoca": 24,
    "accuracy": 0.41488020176544765,
    "precision": 0.38182639880827496,
    "recall": 0.37048527410214893,
    "f1": 0.3648081276543756
}