{
    "epoca": 43,
    "accuracy": 0.39451728247914186,
    "precision": 0.2998657114469876,
    "recall": 0.32672756793049273,
    "f1": 0.30106147732559213
}