{
    "epoca": 34,
    "accuracy": 0.44553072625698326,
    "precision": 0.3867663720030661,
    "recall": 0.3597451805968574,
    "f1": 0.35803119799614336
}