{
    "epoca": 7,
    "accuracy": 0.37997256515775035,
    "precision": 0.3593402210495825,
    "recall": 0.31224089199988747,
    "f1": 0.2951739988436625
}