{
    "epoca": 33,
    "accuracy": 0.47832369942196534,
    "precision": 0.4052594112591594,
    "recall": 0.39370674126238425,
    "f1": 0.3870076869851845
}