{
    "epoca": 32,
    "accuracy": 0.40106241699867196,
    "precision": 0.38123014485339873,
    "recall": 0.35009185880783666,
    "f1": 0.3386922449893968
}