{
    "epoca": 28,
    "accuracy": 0.5856573705179283,
    "precision": 0.4632332938713205,
    "recall": 0.4969667152866049,
    "f1": 0.46555290534456273
}