{
    "epoca": 30,
    "accuracy": 0.7489711934156379,
    "precision": 0.7761329264854988,
    "recall": 0.741960335149461,
    "f1": 0.7491692915382282
}