{
    "epoca": 21,
    "accuracy": 0.7360335195530726,
    "precision": 0.6977674741788171,
    "recall": 0.6687295172287369,
    "f1": 0.6611913552344784
}