{
    "epoca": 12,
    "accuracy": 0.6994219653179191,
    "precision": 0.7180657561255568,
    "recall": 0.654481696515588,
    "f1": 0.6756312292325323
}