{
    "epoca": 6,
    "accuracy": 0.5723771580345286,
    "precision": 0.5504498623258096,
    "recall": 0.5021908751575596,
    "f1": 0.4840591460862657
}