{
    "epoca": 24,
    "accuracy": 0.6089238845144357,
    "precision": 0.6352705056537478,
    "recall": 0.6163519896169836,
    "f1": 0.6035279319733652
}