{
    "epoca": 42,
    "accuracy": 0.6043689320388349,
    "precision": 0.5247572353973989,
    "recall": 0.5109978854010955,
    "f1": 0.5079110699165073
}