{
    "epoca": 28,
    "accuracy": 0.710562414266118,
    "precision": 0.6564521263365762,
    "recall": 0.6046350188796612,
    "f1": 0.6183696946147024
}