{
    "epoca": 18,
    "accuracy": 0.6769964243146603,
    "precision": 0.6904266070437106,
    "recall": 0.5757696212899452,
    "f1": 0.5898649151501867
}