{
    "epoca": 55,
    "accuracy": 0.729050279329609,
    "precision": 0.6739205479313045,
    "recall": 0.6711663723544198,
    "f1": 0.6604127717058044
}