{
    "epoca": 11,
    "accuracy": 0.6544428772919605,
    "precision": 0.640181958645795,
    "recall": 0.6378740426732511,
    "f1": 0.6202523569855818
}