{
    "epoca": 42,
    "accuracy": 0.6443569553805775,
    "precision": 0.5840157415627049,
    "recall": 0.6095107018191473,
    "f1": 0.5862429402840823
}