{
    "epoca": 41,
    "accuracy": 0.6516220028208745,
    "precision": 0.5784920952159999,
    "recall": 0.5809713988516036,
    "f1": 0.5764611913877588
}