{
    "epoca": 13,
    "accuracy": 0.6488439306358381,
    "precision": 0.5335877027135598,
    "recall": 0.5349728110135803,
    "f1": 0.5309779403811458
}