{
    "epoca": 25,
    "accuracy": 0.582995951417004,
    "precision": 0.46470495354568886,
    "recall": 0.46168767035433705,
    "f1": 0.453909602295315
}