{
    "epoca": 32,
    "accuracy": 0.7011349306431274,
    "precision": 0.5872059922806041,
    "recall": 0.6214465284039943,
    "f1": 0.5978147524604223
}