{
    "epoca": 21,
    "accuracy": 0.5695006747638327,
    "precision": 0.5573693811540058,
    "recall": 0.4802180879085641,
    "f1": 0.4849220429477059
}