{
    "epoca": 44,
    "accuracy": 0.8083228247162674,
    "precision": 0.7381698253390191,
    "recall": 0.718519709134718,
    "f1": 0.7232016255444738
}