{
    "epoca": 18,
    "accuracy": 0.6507747318235996,
    "precision": 0.5237740552608714,
    "recall": 0.5278062266550354,
    "f1": 0.5151526978969411
}