{
    "epoca": 3,
    "accuracy": 0.4878640776699029,
    "precision": 0.47045026292873987,
    "recall": 0.40941792454704096,
    "f1": 0.41265855525505657
}