{
    "epoca": 20,
    "accuracy": 0.675392670157068,
    "precision": 0.6979281183932348,
    "recall": 0.6748880748880749,
    "f1": 0.678531967441363
}