{
    "epoca": 19,
    "accuracy": 0.6113989637305699,
    "precision": 0.6166252770434457,
    "recall": 0.611698717948718,
    "f1": 0.6129490730654715
}