{
    "epoca": 70,
    "accuracy": 0.7150259067357513,
    "precision": 0.7239596860851808,
    "recall": 0.7157051282051282,
    "f1": 0.7177288274936172
}