{
    "epoca": 19,
    "accuracy": 0.6875,
    "precision": 0.6861518111518112,
    "recall": 0.6878421347171347,
    "f1": 0.6869198127123645
}