{
    "epoca": 22,
    "accuracy": 0.6683937823834197,
    "precision": 0.6740928249632857,
    "recall": 0.6694711538461539,
    "f1": 0.664327485380117
}