{
    "epoca": 11,
    "accuracy": 0.6373056994818653,
    "precision": 0.6375801282051282,
    "recall": 0.6375000000000001,
    "f1": 0.6375161498708011
}