{
    "epoca": 16,
    "accuracy": 0.609375,
    "precision": 0.6204377213573841,
    "recall": 0.609138431013431,
    "f1": 0.6135540635203779
}