{
    "epoca": 8,
    "accuracy": 0.6113989637305699,
    "precision": 0.5988803699647073,
    "recall": 0.6129807692307693,
    "f1": 0.5976076057334249
}