{
    "epoca": 4,
    "accuracy": 0.6424870466321243,
    "precision": 0.6422466422466423,
    "recall": 0.6427083333333333,
    "f1": 0.6424014857881137
}