{
    "epoca": 42,
    "accuracy": 0.7098445595854922,
    "precision": 0.7164861007410567,
    "recall": 0.7100160256410257,
    "f1": 0.7119098530360114
}