{
    "epoca": 15,
    "accuracy": 0.6020942408376964,
    "precision": 0.6048687378255443,
    "recall": 0.6026048026048026,
    "f1": 0.6030931777669745
}