{
    "epoca": 20,
    "accuracy": 0.6839378238341969,
    "precision": 0.6953742657968011,
    "recall": 0.6842147435897435,
    "f1": 0.68815987933635
}