{
    "epoca": 13,
    "accuracy": 0.694300518134715,
    "precision": 0.7012260536398468,
    "recall": 0.6947115384615384,
    "f1": 0.6955835986948147
}