{
    "epoca": 9,
    "accuracy": 0.6269430051813472,
    "precision": 0.6324319275138948,
    "recall": 0.6278044871794872,
    "f1": 0.6265836588156389
}