{
    "epoca": 50,
    "accuracy": 0.7291666666666666,
    "precision": 0.7296249311241816,
    "recall": 0.7289479039479039,
    "f1": 0.7286968323224673
}