{
    "epoca": 10,
    "accuracy": 0.6476683937823834,
    "precision": 0.6551648239148239,
    "recall": 0.6474358974358975,
    "f1": 0.6490381224432219
}