{
    "epoca": 41,
    "accuracy": 0.7046632124352331,
    "precision": 0.7157364391976345,
    "recall": 0.704647435897436,
    "f1": 0.70744041394552
}