{
    "epoca": 3,
    "accuracy": 0.6839378238341969,
    "precision": 0.7032025819265145,
    "recall": 0.6839743589743591,
    "f1": 0.6898754318967084
}