{
    "epoca": 23,
    "accuracy": 0.6528497409326425,
    "precision": 0.6625002375928989,
    "recall": 0.6533653846153846,
    "f1": 0.6564856019401474
}