{
    "epoca": 63,
    "accuracy": 0.765625,
    "precision": 0.7718380363207077,
    "recall": 0.7659048127798128,
    "f1": 0.7681362556432375
}