{
    "epoca": 9,
    "accuracy": 0.6869095816464238,
    "precision": 0.6623354585679929,
    "recall": 0.5897143887858174,
    "f1": 0.5839701593506683
}