{
    "epoca": 20,
    "accuracy": 0.8106995884773662,
    "precision": 0.8466545551887463,
    "recall": 0.824696022882371,
    "f1": 0.828525440290937
}