{
    "epoca": 25,
    "accuracy": 0.8449720670391061,
    "precision": 0.8229717986316478,
    "recall": 0.7874585187736899,
    "f1": 0.7995212194774044
}