{
    "epoca": 42,
    "accuracy": 0.8339973439575034,
    "precision": 0.832248798386017,
    "recall": 0.7933737259705391,
    "f1": 0.7978829352411438
}