{
    "epoca": 19,
    "accuracy": 0.726878612716763,
    "precision": 0.7918374226218716,
    "recall": 0.7420174708171642,
    "f1": 0.7513507713953539
}