{
    "epoca": 31,
    "accuracy": 0.8188319427890346,
    "precision": 0.8552161128818623,
    "recall": 0.7897235858767819,
    "f1": 0.8000603510200497
}