{
    "epoca": 22,
    "accuracy": 0.6995768688293371,
    "precision": 0.7549931032002254,
    "recall": 0.6552758452084538,
    "f1": 0.6530660430467516
}