{
    "epoca": 16,
    "accuracy": 0.6456310679611651,
    "precision": 0.6778896312834557,
    "recall": 0.6126939578716197,
    "f1": 0.6174999283073006
}