{
    "epoca": 23,
    "accuracy": 0.8751576292559899,
    "precision": 0.8876627397370431,
    "recall": 0.8867313643768293,
    "f1": 0.8851784925744436
}