{
    "epoca": 10,
    "accuracy": 0.7454068241469817,
    "precision": 0.7869771490374877,
    "recall": 0.7842928512848955,
    "f1": 0.7629514224712713
}