{
    "epoca": 37,
    "accuracy": 0.65625,
    "precision": 0.6808728007915,
    "recall": 0.6560261497761498,
    "f1": 0.6632483501875327
}