{
    "epoca": 6,
    "accuracy": 0.609375,
    "precision": 0.6126361605304341,
    "recall": 0.6093012311762311,
    "f1": 0.6101511437908497
}