{
    "epoca": 22,
    "accuracy": 0.6321243523316062,
    "precision": 0.6648016509974776,
    "recall": 0.6317307692307693,
    "f1": 0.6376954643482494
}