{
    "epoca": 15,
    "accuracy": 0.5777777777777777,
    "precision": 0.57853170189099,
    "recall": 0.5777777777777777,
    "f1": 0.578058720014819
}