{
    "epoca": 6,
    "accuracy": 0.6222222222222222,
    "precision": 0.6245581510320108,
    "recall": 0.6222222222222222,
    "f1": 0.6232688092371338
}