{
    "epoca": 75,
    "accuracy": 0.6741573033707865,
    "precision": 0.6797816878462039,
    "recall": 0.6724137931034484,
    "f1": 0.6704947254609742
}