{
    "epoca": 17,
    "accuracy": 0.6292134831460674,
    "precision": 0.6260927594260928,
    "recall": 0.628735632183908,
    "f1": 0.6230051043483879
}