{
    "epoca": 9,
    "accuracy": 0.5699481865284974,
    "precision": 0.5805194805194805,
    "recall": 0.5701923076923077,
    "f1": 0.5732444848301277
}