{
    "epoca": 24,
    "accuracy": 0.6666666666666666,
    "precision": 0.6927519379844962,
    "recall": 0.665871743996744,
    "f1": 0.671487689412439
}