{
    "epoca": 12,
    "accuracy": 0.5333333333333333,
    "precision": 0.5366379310344828,
    "recall": 0.5333333333333333,
    "f1": 0.5347184253690541
}