{
    "epoca": 32,
    "accuracy": 0.6528497409326425,
    "precision": 0.6621002132196162,
    "recall": 0.6529647435897435,
    "f1": 0.6560314767693903
}