{
    "epoca": 21,
    "accuracy": 0.680628272251309,
    "precision": 0.703950994898065,
    "recall": 0.68001628001628,
    "f1": 0.6852220641694325
}