{
    "epoca": 24,
    "accuracy": 0.6062176165803109,
    "precision": 0.6048096068893537,
    "recall": 0.6067307692307692,
    "f1": 0.6033054102705844
}