{
    "epoca": 15,
    "accuracy": 0.6,
    "precision": 0.5969498910675382,
    "recall": 0.6,
    "f1": 0.5855800653594772
}