{
    "epoca": 25,
    "accuracy": 0.7239583333333334,
    "precision": 0.739581040428498,
    "recall": 0.7233338420838421,
    "f1": 0.7283075502193489
}