{
    "epoca": 19,
    "accuracy": 0.651685393258427,
    "precision": 0.6968325791855204,
    "recall": 0.6532567049808429,
    "f1": 0.648466734211415
}