{
    "epoca": 10,
    "accuracy": 0.5730337078651685,
    "precision": 0.570658866995074,
    "recall": 0.5739463601532567,
    "f1": 0.5715700082717741
}