{
    "epoca": 13,
    "accuracy": 0.5958549222797928,
    "precision": 0.6277981277981278,
    "recall": 0.5953525641025641,
    "f1": 0.5998944558266592
}