{
    "epoca": 99,
    "accuracy": 0.6666666666666666,
    "precision": 0.6718614718614718,
    "recall": 0.6666666666666666,
    "f1": 0.6622710622710622
}