{
    "epoca": 30,
    "accuracy": 0.6111111111111112,
    "precision": 0.6033868092691622,
    "recall": 0.6111111111111112,
    "f1": 0.6017628205128206
}