{
    "epoca": 30,
    "accuracy": 0.5555555555555556,
    "precision": 0.5390676883780332,
    "recall": 0.5555555555555555,
    "f1": 0.5440506762540661
}