{
    "epoca": 20,
    "accuracy": 0.6683937823834197,
    "precision": 0.6903262451445382,
    "recall": 0.6684294871794871,
    "f1": 0.6746259806604634
}