{
    "epoca": 20,
    "accuracy": 0.6179775280898876,
    "precision": 0.6232826347768876,
    "recall": 0.6183908045977011,
    "f1": 0.6200564971751412
}