{
    "epoca": 18,
    "accuracy": 0.5958549222797928,
    "precision": 0.6138019911604818,
    "recall": 0.5959935897435897,
    "f1": 0.601552875590804
}