{
    "epoca": 61,
    "accuracy": 0.5666666666666667,
    "precision": 0.6103313840155945,
    "recall": 0.5666666666666665,
    "f1": 0.5680045351473922
}