{
    "epoca": 17,
    "accuracy": 0.581151832460733,
    "precision": 0.5913087804256404,
    "recall": 0.5814407814407815,
    "f1": 0.5844571522365486
}