{
    "epoca": 25,
    "accuracy": 0.5222222222222223,
    "precision": 0.5202020202020202,
    "recall": 0.5222222222222223,
    "f1": 0.5185185185185185
}