{
    "epoca": 6,
    "accuracy": 0.6476683937823834,
    "precision": 0.6657139600026057,
    "recall": 0.6472756410256411,
    "f1": 0.6488098665898838
}