{
    "epoca": 24,
    "accuracy": 0.694300518134715,
    "precision": 0.7014723740133576,
    "recall": 0.6946314102564103,
    "f1": 0.6971477905972844
}