{
    "epoca": 20,
    "accuracy": 0.6580310880829016,
    "precision": 0.6957918050941307,
    "recall": 0.6583333333333333,
    "f1": 0.6640359986154378
}