{
    "epoca": 21,
    "accuracy": 0.5555555555555556,
    "precision": 0.5322427690848743,
    "recall": 0.5555555555555555,
    "f1": 0.5346830896537719
}