{
    "epoca": 2,
    "accuracy": 0.5888888888888889,
    "precision": 0.6198309626881056,
    "recall": 0.5888888888888889,
    "f1": 0.5607972282254469
}