{
    "epoca": 34,
    "accuracy": 0.5803108808290155,
    "precision": 0.6126764500349406,
    "recall": 0.5801282051282052,
    "f1": 0.5869477940785242
}