{
    "epoca": 20,
    "accuracy": 0.6062176165803109,
    "precision": 0.6459998925424456,
    "recall": 0.6064102564102564,
    "f1": 0.6181167905305837
}