{
    "epoca": 20,
    "accuracy": 0.6476683937823834,
    "precision": 0.6431007574165025,
    "recall": 0.6482371794871794,
    "f1": 0.6437870771204105
}