{
    "epoca": 10,
    "accuracy": 0.6333333333333333,
    "precision": 0.658509485094851,
    "recall": 0.6333333333333333,
    "f1": 0.6366892714310555
}