{
    "epoca": 18,
    "accuracy": 0.6580310880829016,
    "precision": 0.6873710580607133,
    "recall": 0.6578525641025641,
    "f1": 0.6642493873491443
}