{
    "epoca": 6,
    "accuracy": 0.6888888888888889,
    "precision": 0.7004545454545453,
    "recall": 0.6888888888888888,
    "f1": 0.6918214402085369
}