{
    "epoca": 94,
    "accuracy": 0.6777777777777778,
    "precision": 0.68,
    "recall": 0.6777777777777777,
    "f1": 0.6759906759906761
}