{
    "epoca": 14,
    "accuracy": 0.6179775280898876,
    "precision": 0.6156704617330804,
    "recall": 0.6203065134099616,
    "f1": 0.6140168271315812
}